-- MySQL dump 10.13  Distrib 8.0.32, for Linux (x86_64)
--
-- Host: localhost    Database: websellacc
-- ------------------------------------------------------
-- Server version       8.0.32

/*!40101 SET @OLD_CHARACTER_SET_CLIENT=@@CHARACTER_SET_CLIENT */;
/*!40101 SET @OLD_CHARACTER_SET_RESULTS=@@CHARACTER_SET_RESULTS */;
/*!40101 SET @OLD_COLLATION_CONNECTION=@@COLLATION_CONNECTION */;
/*!50503 SET NAMES utf8mb4 */;
/*!40103 SET @OLD_TIME_ZONE=@@TIME_ZONE */;
/*!40103 SET TIME_ZONE='+00:00' */;
/*!40014 SET @OLD_UNIQUE_CHECKS=@@UNIQUE_CHECKS, UNIQUE_CHECKS=0 */;
/*!40014 SET @OLD_FOREIGN_KEY_CHECKS=@@FOREIGN_KEY_CHECKS, FOREIGN_KEY_CHECKS=0 */;
/*!40101 SET @OLD_SQL_MODE=@@SQL_MODE, SQL_MODE='NO_AUTO_VALUE_ON_ZERO' */;
/*!40111 SET @OLD_SQL_NOTES=@@SQL_NOTES, SQL_NOTES=0 */;

--
-- Table structure for table `accounts`
--

DROP TABLE IF EXISTS `accounts`;
/*!40101 SET @saved_cs_client     = @@character_set_client */;
/*!50503 SET character_set_client = utf8mb4 */;
CREATE TABLE `accounts` (
  `id` int NOT NULL AUTO_INCREMENT,
  `groups` varchar(255) CHARACTER SET utf8mb3 COLLATE utf8mb3_vietnamese_ci DEFAULT NULL,
  `account` text CHARACTER SET utf8mb3 COLLATE utf8mb3_vietnamese_ci,
  `chitiet` text CHARACTER SET utf8mb3 COLLATE utf8mb3_vietnamese_ci,
  `createdate` datetime DEFAULT NULL,
  `updatedate` datetime DEFAULT NULL,
  `username` varchar(255) CHARACTER SET utf8mb3 COLLATE utf8mb3_vietnamese_ci DEFAULT NULL,
  `time` varchar(255) CHARACTER SET utf8mb3 COLLATE utf8mb3_vietnamese_ci DEFAULT NULL,
  `title` varchar(255) CHARACTER SET utf8mb3 COLLATE utf8mb3_vietnamese_ci DEFAULT NULL,
  `img` varchar(255) CHARACTER SET utf8mb3 COLLATE utf8mb3_vietnamese_ci DEFAULT NULL,
  `money` int DEFAULT NULL,
  `listimg` longtext CHARACTER SET utf8mb3 COLLATE utf8mb3_vietnamese_ci,
  PRIMARY KEY (`id`) USING BTREE
) ENGINE=InnoDB AUTO_INCREMENT=10057 DEFAULT CHARSET=utf8mb3 COLLATE=utf8mb3_vietnamese_ci ROW_FORMAT=DYNAMIC;
/*!40101 SET character_set_client = @saved_cs_client */;

--
-- Dumping data for table `accounts`
--

LOCK TABLES `accounts` WRITE;
/*!40000 ALTER TABLE `accounts` DISABLE KEYS */;
INSERT INTO `accounts` VALUES (10026,'8','test|aa|232','Rank: Bạch Kim\r\nĐăng ký: FaceBook','2021-04-02 19:33:17','2021-04-02 19:39:37','admin','1617367177',NULL,'/assets/storage/images/account_X65ZON.png',10000,'\r\n/assets/storage/images/account_46R2EO.png\r\n/assets/storage/images/account_8KFN95.png\r\n/assets/storage/images/account_DWTNRS.png\r\n/assets/storage/images/account_P8RWQC.png\r\n/assets/storage/images/account_OLJ7G1.png\r\n/assets/storage/images/account_4O76JG.png\r\n/assets/storage/images/account_42AERD.png\r\n/assets/storage/images/account_Y09PO4.png\r\n/assets/storage/images/account_5TPIHM.png\r\n/assets/storage/images/account_KRF7QW.png\r\n/assets/storage/images/account_7BLM4U.png\r\n/assets/storage/images/account_3NPSO0.png\r\n/assets/storage/images/account_NMH59R.png\r\n/assets/storage/images/account_M03RUL.png\r\n/assets/storage/images/account_BIFCZ9.png\r\n/assets/storage/images/account_TV2U9K.png\r\n/assets/storage/images/account_EX2SJK.png\r\n/assets/storage/images/account_UCMJ80.png\r\n/assets/storage/images/account_MSTOKH.png\r\n/assets/storage/images/account_SU0FBJ.png\r\n/assets/storage/images/account_D1TY6J.png\r\n/assets/storage/images/account_AN1C2V.png\r\n/assets/storage/images/account_LI9UX2.png\r\n/assets/storage/images/account_W1NEX0.png\r\n/assets/storage/images/account_KT7U3S.png\r\n/assets/storage/images/account_J5DYEI.png\r\n/assets/storage/images/account_N5G9KH.png\r\n/assets/storage/images/account_3XK42O.png\r\n/assets/storage/images/account_D6TGC9.png\r\n/assets/storage/images/account_EOX6W7.png\r\n/assets/storage/images/account_7GFITY.png\r\n/assets/storage/images/account_AU9EQK.png\r\n/assets/storage/images/account_K052WN.png\r\n/assets/storage/images/account_1LC0HP.png\r\n/assets/storage/images/account_4V7IAG.png\r\n/assets/storage/images/account_2UVLEA.png\r\n/assets/storage/images/account_T9SXVM.png\r\n/assets/storage/images/account_87SKIH.png\r\n/assets/storage/images/account_KRLA89.png\r\n/assets/storage/images/account_E6OFHS.png\r\n/assets/storage/images/account_6G7ZE3.png\r\n/assets/storage/images/account_ZSO4XP.png'),(10027,'8','test|aa|232','Rank: Bạch Kim\r\nĐăng ký: FaceBook','2021-04-02 19:33:17',NULL,NULL,NULL,NULL,'/assets/storage/images/account_X65ZON.png',10000,'\r\n/assets/storage/images/account_46R2EO.png\r\n/assets/storage/images/account_8KFN95.png\r\n/assets/storage/images/account_DWTNRS.png\r\n/assets/storage/images/account_P8RWQC.png\r\n/assets/storage/images/account_OLJ7G1.png\r\n/assets/storage/images/account_4O76JG.png\r\n/assets/storage/images/account_42AERD.png\r\n/assets/storage/images/account_Y09PO4.png\r\n/assets/storage/images/account_5TPIHM.png\r\n/assets/storage/images/account_KRF7QW.png\r\n/assets/storage/images/account_7BLM4U.png\r\n/assets/storage/images/account_3NPSO0.png\r\n/assets/storage/images/account_NMH59R.png\r\n/assets/storage/images/account_M03RUL.png\r\n/assets/storage/images/account_BIFCZ9.png\r\n/assets/storage/images/account_TV2U9K.png\r\n/assets/storage/images/account_EX2SJK.png\r\n/assets/storage/images/account_UCMJ80.png\r\n/assets/storage/images/account_MSTOKH.png\r\n/assets/storage/images/account_SU0FBJ.png\r\n/assets/storage/images/account_D1TY6J.png\r\n/assets/storage/images/account_AN1C2V.png\r\n/assets/storage/images/account_LI9UX2.png\r\n/assets/storage/images/account_W1NEX0.png\r\n/assets/storage/images/account_KT7U3S.png\r\n/assets/storage/images/account_J5DYEI.png\r\n/assets/storage/images/account_N5G9KH.png\r\n/assets/storage/images/account_3XK42O.png\r\n/assets/storage/images/account_D6TGC9.png\r\n/assets/storage/images/account_EOX6W7.png\r\n/assets/storage/images/account_7GFITY.png\r\n/assets/storage/images/account_AU9EQK.png\r\n/assets/storage/images/account_K052WN.png\r\n/assets/storage/images/account_1LC0HP.png\r\n/assets/storage/images/account_4V7IAG.png\r\n/assets/storage/images/account_2UVLEA.png\r\n/assets/storage/images/account_T9SXVM.png\r\n/assets/storage/images/account_87SKIH.png\r\n/assets/storage/images/account_KRLA89.png\r\n/assets/storage/images/account_E6OFHS.png\r\n/assets/storage/images/account_6G7ZE3.png\r\n/assets/storage/images/account_ZSO4XP.png'),(10028,'8','test|aa|232','Rank: Bạch Kim\r\nĐăng ký: FaceBook','2021-04-02 19:33:17',NULL,NULL,NULL,NULL,'/assets/storage/images/account_X65ZON.png',10000,'\r\n/assets/storage/images/account_46R2EO.png\r\n/assets/storage/images/account_8KFN95.png\r\n/assets/storage/images/account_DWTNRS.png\r\n/assets/storage/images/account_P8RWQC.png\r\n/assets/storage/images/account_OLJ7G1.png\r\n/assets/storage/images/account_4O76JG.png\r\n/assets/storage/images/account_42AERD.png\r\n/assets/storage/images/account_Y09PO4.png\r\n/assets/storage/images/account_5TPIHM.png\r\n/assets/storage/images/account_KRF7QW.png\r\n/assets/storage/images/account_7BLM4U.png\r\n/assets/storage/images/account_3NPSO0.png\r\n/assets/storage/images/account_NMH59R.png\r\n/assets/storage/images/account_M03RUL.png\r\n/assets/storage/images/account_BIFCZ9.png\r\n/assets/storage/images/account_TV2U9K.png\r\n/assets/storage/images/account_EX2SJK.png\r\n/assets/storage/images/account_UCMJ80.png\r\n/assets/storage/images/account_MSTOKH.png\r\n/assets/storage/images/account_SU0FBJ.png\r\n/assets/storage/images/account_D1TY6J.png\r\n/assets/storage/images/account_AN1C2V.png\r\n/assets/storage/images/account_LI9UX2.png\r\n/assets/storage/images/account_W1NEX0.png\r\n/assets/storage/images/account_KT7U3S.png\r\n/assets/storage/images/account_J5DYEI.png\r\n/assets/storage/images/account_N5G9KH.png\r\n/assets/storage/images/account_3XK42O.png\r\n/assets/storage/images/account_D6TGC9.png\r\n/assets/storage/images/account_EOX6W7.png\r\n/assets/storage/images/account_7GFITY.png\r\n/assets/storage/images/account_AU9EQK.png\r\n/assets/storage/images/account_K052WN.png\r\n/assets/storage/images/account_1LC0HP.png\r\n/assets/storage/images/account_4V7IAG.png\r\n/assets/storage/images/account_2UVLEA.png\r\n/assets/storage/images/account_T9SXVM.png\r\n/assets/storage/images/account_87SKIH.png\r\n/assets/storage/images/account_KRLA89.png\r\n/assets/storage/images/account_E6OFHS.png\r\n/assets/storage/images/account_6G7ZE3.png\r\n/assets/storage/images/account_ZSO4XP.png'),(10029,'8','test|aa|232','Rank: Bạch Kim\r\nĐăng ký: FaceBook','2021-04-02 19:33:17',NULL,NULL,NULL,NULL,'/assets/storage/images/account_X65ZON.png',10000,'\r\n/assets/storage/images/account_46R2EO.png\r\n/assets/storage/images/account_8KFN95.png\r\n/assets/storage/images/account_DWTNRS.png\r\n/assets/storage/images/account_P8RWQC.png\r\n/assets/storage/images/account_OLJ7G1.png\r\n/assets/storage/images/account_4O76JG.png\r\n/assets/storage/images/account_42AERD.png\r\n/assets/storage/images/account_Y09PO4.png\r\n/assets/storage/images/account_5TPIHM.png\r\n/assets/storage/images/account_KRF7QW.png\r\n/assets/storage/images/account_7BLM4U.png\r\n/assets/storage/images/account_3NPSO0.png\r\n/assets/storage/images/account_NMH59R.png\r\n/assets/storage/images/account_M03RUL.png\r\n/assets/storage/images/account_BIFCZ9.png\r\n/assets/storage/images/account_TV2U9K.png\r\n/assets/storage/images/account_EX2SJK.png\r\n/assets/storage/images/account_UCMJ80.png\r\n/assets/storage/images/account_MSTOKH.png\r\n/assets/storage/images/account_SU0FBJ.png\r\n/assets/storage/images/account_D1TY6J.png\r\n/assets/storage/images/account_AN1C2V.png\r\n/assets/storage/images/account_LI9UX2.png\r\n/assets/storage/images/account_W1NEX0.png\r\n/assets/storage/images/account_KT7U3S.png\r\n/assets/storage/images/account_J5DYEI.png\r\n/assets/storage/images/account_N5G9KH.png\r\n/assets/storage/images/account_3XK42O.png\r\n/assets/storage/images/account_D6TGC9.png\r\n/assets/storage/images/account_EOX6W7.png\r\n/assets/storage/images/account_7GFITY.png\r\n/assets/storage/images/account_AU9EQK.png\r\n/assets/storage/images/account_K052WN.png\r\n/assets/storage/images/account_1LC0HP.png\r\n/assets/storage/images/account_4V7IAG.png\r\n/assets/storage/images/account_2UVLEA.png\r\n/assets/storage/images/account_T9SXVM.png\r\n/assets/storage/images/account_87SKIH.png\r\n/assets/storage/images/account_KRLA89.png\r\n/assets/storage/images/account_E6OFHS.png\r\n/assets/storage/images/account_6G7ZE3.png\r\n/assets/storage/images/account_ZSO4XP.png'),(10030,'8','test|aa|232','Rank: Bạch Kim\r\nĐăng ký: FaceBook','2021-04-02 19:33:17',NULL,NULL,NULL,NULL,'/assets/storage/images/account_X65ZON.png',10000,'\r\n/assets/storage/images/account_46R2EO.png\r\n/assets/storage/images/account_8KFN95.png\r\n/assets/storage/images/account_DWTNRS.png\r\n/assets/storage/images/account_P8RWQC.png\r\n/assets/storage/images/account_OLJ7G1.png\r\n/assets/storage/images/account_4O76JG.png\r\n/assets/storage/images/account_42AERD.png\r\n/assets/storage/images/account_Y09PO4.png\r\n/assets/storage/images/account_5TPIHM.png\r\n/assets/storage/images/account_KRF7QW.png\r\n/assets/storage/images/account_7BLM4U.png\r\n/assets/storage/images/account_3NPSO0.png\r\n/assets/storage/images/account_NMH59R.png\r\n/assets/storage/images/account_M03RUL.png\r\n/assets/storage/images/account_BIFCZ9.png\r\n/assets/storage/images/account_TV2U9K.png\r\n/assets/storage/images/account_EX2SJK.png\r\n/assets/storage/images/account_UCMJ80.png\r\n/assets/storage/images/account_MSTOKH.png\r\n/assets/storage/images/account_SU0FBJ.png\r\n/assets/storage/images/account_D1TY6J.png\r\n/assets/storage/images/account_AN1C2V.png\r\n/assets/storage/images/account_LI9UX2.png\r\n/assets/storage/images/account_W1NEX0.png\r\n/assets/storage/images/account_KT7U3S.png\r\n/assets/storage/images/account_J5DYEI.png\r\n/assets/storage/images/account_N5G9KH.png\r\n/assets/storage/images/account_3XK42O.png\r\n/assets/storage/images/account_D6TGC9.png\r\n/assets/storage/images/account_EOX6W7.png\r\n/assets/storage/images/account_7GFITY.png\r\n/assets/storage/images/account_AU9EQK.png\r\n/assets/storage/images/account_K052WN.png\r\n/assets/storage/images/account_1LC0HP.png\r\n/assets/storage/images/account_4V7IAG.png\r\n/assets/storage/images/account_2UVLEA.png\r\n/assets/storage/images/account_T9SXVM.png\r\n/assets/storage/images/account_87SKIH.png\r\n/assets/storage/images/account_KRLA89.png\r\n/assets/storage/images/account_E6OFHS.png\r\n/assets/storage/images/account_6G7ZE3.png\r\n/assets/storage/images/account_ZSO4XP.png'),(10031,'8','test|aa|232','Rank: Bạch Kim\r\nĐăng ký: FaceBook','2021-04-02 19:33:17',NULL,NULL,NULL,NULL,'/assets/storage/images/account_X65ZON.png',10000,'\r\n/assets/storage/images/account_46R2EO.png\r\n/assets/storage/images/account_8KFN95.png\r\n/assets/storage/images/account_DWTNRS.png\r\n/assets/storage/images/account_P8RWQC.png\r\n/assets/storage/images/account_OLJ7G1.png\r\n/assets/storage/images/account_4O76JG.png\r\n/assets/storage/images/account_42AERD.png\r\n/assets/storage/images/account_Y09PO4.png\r\n/assets/storage/images/account_5TPIHM.png\r\n/assets/storage/images/account_KRF7QW.png\r\n/assets/storage/images/account_7BLM4U.png\r\n/assets/storage/images/account_3NPSO0.png\r\n/assets/storage/images/account_NMH59R.png\r\n/assets/storage/images/account_M03RUL.png\r\n/assets/storage/images/account_BIFCZ9.png\r\n/assets/storage/images/account_TV2U9K.png\r\n/assets/storage/images/account_EX2SJK.png\r\n/assets/storage/images/account_UCMJ80.png\r\n/assets/storage/images/account_MSTOKH.png\r\n/assets/storage/images/account_SU0FBJ.png\r\n/assets/storage/images/account_D1TY6J.png\r\n/assets/storage/images/account_AN1C2V.png\r\n/assets/storage/images/account_LI9UX2.png\r\n/assets/storage/images/account_W1NEX0.png\r\n/assets/storage/images/account_KT7U3S.png\r\n/assets/storage/images/account_J5DYEI.png\r\n/assets/storage/images/account_N5G9KH.png\r\n/assets/storage/images/account_3XK42O.png\r\n/assets/storage/images/account_D6TGC9.png\r\n/assets/storage/images/account_EOX6W7.png\r\n/assets/storage/images/account_7GFITY.png\r\n/assets/storage/images/account_AU9EQK.png\r\n/assets/storage/images/account_K052WN.png\r\n/assets/storage/images/account_1LC0HP.png\r\n/assets/storage/images/account_4V7IAG.png\r\n/assets/storage/images/account_2UVLEA.png\r\n/assets/storage/images/account_T9SXVM.png\r\n/assets/storage/images/account_87SKIH.png\r\n/assets/storage/images/account_KRLA89.png\r\n/assets/storage/images/account_E6OFHS.png\r\n/assets/storage/images/account_6G7ZE3.png\r\n/assets/storage/images/account_ZSO4XP.png'),(10032,'8','test|aa|232','Rank: Bạch Kim\r\nĐăng ký: FaceBook','2021-04-02 19:33:17',NULL,NULL,NULL,NULL,'/assets/storage/images/account_X65ZON.png',10000,'\r\n/assets/storage/images/account_46R2EO.png\r\n/assets/storage/images/account_8KFN95.png\r\n/assets/storage/images/account_DWTNRS.png\r\n/assets/storage/images/account_P8RWQC.png\r\n/assets/storage/images/account_OLJ7G1.png\r\n/assets/storage/images/account_4O76JG.png\r\n/assets/storage/images/account_42AERD.png\r\n/assets/storage/images/account_Y09PO4.png\r\n/assets/storage/images/account_5TPIHM.png\r\n/assets/storage/images/account_KRF7QW.png\r\n/assets/storage/images/account_7BLM4U.png\r\n/assets/storage/images/account_3NPSO0.png\r\n/assets/storage/images/account_NMH59R.png\r\n/assets/storage/images/account_M03RUL.png\r\n/assets/storage/images/account_BIFCZ9.png\r\n/assets/storage/images/account_TV2U9K.png\r\n/assets/storage/images/account_EX2SJK.png\r\n/assets/storage/images/account_UCMJ80.png\r\n/assets/storage/images/account_MSTOKH.png\r\n/assets/storage/images/account_SU0FBJ.png\r\n/assets/storage/images/account_D1TY6J.png\r\n/assets/storage/images/account_AN1C2V.png\r\n/assets/storage/images/account_LI9UX2.png\r\n/assets/storage/images/account_W1NEX0.png\r\n/assets/storage/images/account_KT7U3S.png\r\n/assets/storage/images/account_J5DYEI.png\r\n/assets/storage/images/account_N5G9KH.png\r\n/assets/storage/images/account_3XK42O.png\r\n/assets/storage/images/account_D6TGC9.png\r\n/assets/storage/images/account_EOX6W7.png\r\n/assets/storage/images/account_7GFITY.png\r\n/assets/storage/images/account_AU9EQK.png\r\n/assets/storage/images/account_K052WN.png\r\n/assets/storage/images/account_1LC0HP.png\r\n/assets/storage/images/account_4V7IAG.png\r\n/assets/storage/images/account_2UVLEA.png\r\n/assets/storage/images/account_T9SXVM.png\r\n/assets/storage/images/account_87SKIH.png\r\n/assets/storage/images/account_KRLA89.png\r\n/assets/storage/images/account_E6OFHS.png\r\n/assets/storage/images/account_6G7ZE3.png\r\n/assets/storage/images/account_ZSO4XP.png'),(10033,'8','test|aa|232','Rank: Bạch Kim\r\nĐăng ký: FaceBook','2021-04-02 19:33:17',NULL,NULL,NULL,NULL,'/assets/storage/images/account_X65ZON.png',10000,'\r\n/assets/storage/images/account_46R2EO.png\r\n/assets/storage/images/account_8KFN95.png\r\n/assets/storage/images/account_DWTNRS.png\r\n/assets/storage/images/account_P8RWQC.png\r\n/assets/storage/images/account_OLJ7G1.png\r\n/assets/storage/images/account_4O76JG.png\r\n/assets/storage/images/account_42AERD.png\r\n/assets/storage/images/account_Y09PO4.png\r\n/assets/storage/images/account_5TPIHM.png\r\n/assets/storage/images/account_KRF7QW.png\r\n/assets/storage/images/account_7BLM4U.png\r\n/assets/storage/images/account_3NPSO0.png\r\n/assets/storage/images/account_NMH59R.png\r\n/assets/storage/images/account_M03RUL.png\r\n/assets/storage/images/account_BIFCZ9.png\r\n/assets/storage/images/account_TV2U9K.png\r\n/assets/storage/images/account_EX2SJK.png\r\n/assets/storage/images/account_UCMJ80.png\r\n/assets/storage/images/account_MSTOKH.png\r\n/assets/storage/images/account_SU0FBJ.png\r\n/assets/storage/images/account_D1TY6J.png\r\n/assets/storage/images/account_AN1C2V.png\r\n/assets/storage/images/account_LI9UX2.png\r\n/assets/storage/images/account_W1NEX0.png\r\n/assets/storage/images/account_KT7U3S.png\r\n/assets/storage/images/account_J5DYEI.png\r\n/assets/storage/images/account_N5G9KH.png\r\n/assets/storage/images/account_3XK42O.png\r\n/assets/storage/images/account_D6TGC9.png\r\n/assets/storage/images/account_EOX6W7.png\r\n/assets/storage/images/account_7GFITY.png\r\n/assets/storage/images/account_AU9EQK.png\r\n/assets/storage/images/account_K052WN.png\r\n/assets/storage/images/account_1LC0HP.png\r\n/assets/storage/images/account_4V7IAG.png\r\n/assets/storage/images/account_2UVLEA.png\r\n/assets/storage/images/account_T9SXVM.png\r\n/assets/storage/images/account_87SKIH.png\r\n/assets/storage/images/account_KRLA89.png\r\n/assets/storage/images/account_E6OFHS.png\r\n/assets/storage/images/account_6G7ZE3.png\r\n/assets/storage/images/account_ZSO4XP.png'),(10034,'8','test|aa|232','Rank: Bạch Kim\r\nĐăng ký: FaceBook','2021-04-02 19:33:17',NULL,NULL,NULL,NULL,'/assets/storage/images/account_X65ZON.png',10000,'\r\n/assets/storage/images/account_46R2EO.png\r\n/assets/storage/images/account_8KFN95.png\r\n/assets/storage/images/account_DWTNRS.png\r\n/assets/storage/images/account_P8RWQC.png\r\n/assets/storage/images/account_OLJ7G1.png\r\n/assets/storage/images/account_4O76JG.png\r\n/assets/storage/images/account_42AERD.png\r\n/assets/storage/images/account_Y09PO4.png\r\n/assets/storage/images/account_5TPIHM.png\r\n/assets/storage/images/account_KRF7QW.png\r\n/assets/storage/images/account_7BLM4U.png\r\n/assets/storage/images/account_3NPSO0.png\r\n/assets/storage/images/account_NMH59R.png\r\n/assets/storage/images/account_M03RUL.png\r\n/assets/storage/images/account_BIFCZ9.png\r\n/assets/storage/images/account_TV2U9K.png\r\n/assets/storage/images/account_EX2SJK.png\r\n/assets/storage/images/account_UCMJ80.png\r\n/assets/storage/images/account_MSTOKH.png\r\n/assets/storage/images/account_SU0FBJ.png\r\n/assets/storage/images/account_D1TY6J.png\r\n/assets/storage/images/account_AN1C2V.png\r\n/assets/storage/images/account_LI9UX2.png\r\n/assets/storage/images/account_W1NEX0.png\r\n/assets/storage/images/account_KT7U3S.png\r\n/assets/storage/images/account_J5DYEI.png\r\n/assets/storage/images/account_N5G9KH.png\r\n/assets/storage/images/account_3XK42O.png\r\n/assets/storage/images/account_D6TGC9.png\r\n/assets/storage/images/account_EOX6W7.png\r\n/assets/storage/images/account_7GFITY.png\r\n/assets/storage/images/account_AU9EQK.png\r\n/assets/storage/images/account_K052WN.png\r\n/assets/storage/images/account_1LC0HP.png\r\n/assets/storage/images/account_4V7IAG.png\r\n/assets/storage/images/account_2UVLEA.png\r\n/assets/storage/images/account_T9SXVM.png\r\n/assets/storage/images/account_87SKIH.png\r\n/assets/storage/images/account_KRLA89.png\r\n/assets/storage/images/account_E6OFHS.png\r\n/assets/storage/images/account_6G7ZE3.png\r\n/assets/storage/images/account_ZSO4XP.png'),(10035,'8','test|aa|232','Rank: Bạch Kim\r\nĐăng ký: FaceBook','2021-04-02 19:33:17',NULL,NULL,NULL,NULL,'/assets/storage/images/account_X65ZON.png',10000,'\r\n/assets/storage/images/account_46R2EO.png\r\n/assets/storage/images/account_8KFN95.png\r\n/assets/storage/images/account_DWTNRS.png\r\n/assets/storage/images/account_P8RWQC.png\r\n/assets/storage/images/account_OLJ7G1.png\r\n/assets/storage/images/account_4O76JG.png\r\n/assets/storage/images/account_42AERD.png\r\n/assets/storage/images/account_Y09PO4.png\r\n/assets/storage/images/account_5TPIHM.png\r\n/assets/storage/images/account_KRF7QW.png\r\n/assets/storage/images/account_7BLM4U.png\r\n/assets/storage/images/account_3NPSO0.png\r\n/assets/storage/images/account_NMH59R.png\r\n/assets/storage/images/account_M03RUL.png\r\n/assets/storage/images/account_BIFCZ9.png\r\n/assets/storage/images/account_TV2U9K.png\r\n/assets/storage/images/account_EX2SJK.png\r\n/assets/storage/images/account_UCMJ80.png\r\n/assets/storage/images/account_MSTOKH.png\r\n/assets/storage/images/account_SU0FBJ.png\r\n/assets/storage/images/account_D1TY6J.png\r\n/assets/storage/images/account_AN1C2V.png\r\n/assets/storage/images/account_LI9UX2.png\r\n/assets/storage/images/account_W1NEX0.png\r\n/assets/storage/images/account_KT7U3S.png\r\n/assets/storage/images/account_J5DYEI.png\r\n/assets/storage/images/account_N5G9KH.png\r\n/assets/storage/images/account_3XK42O.png\r\n/assets/storage/images/account_D6TGC9.png\r\n/assets/storage/images/account_EOX6W7.png\r\n/assets/storage/images/account_7GFITY.png\r\n/assets/storage/images/account_AU9EQK.png\r\n/assets/storage/images/account_K052WN.png\r\n/assets/storage/images/account_1LC0HP.png\r\n/assets/storage/images/account_4V7IAG.png\r\n/assets/storage/images/account_2UVLEA.png\r\n/assets/storage/images/account_T9SXVM.png\r\n/assets/storage/images/account_87SKIH.png\r\n/assets/storage/images/account_KRLA89.png\r\n/assets/storage/images/account_E6OFHS.png\r\n/assets/storage/images/account_6G7ZE3.png\r\n/assets/storage/images/account_ZSO4XP.png'),(10036,'8','test|aa|232','Rank: Bạch Kim\r\nĐăng ký: FaceBook','2021-04-02 19:33:17',NULL,NULL,NULL,NULL,'/assets/storage/images/account_X65ZON.png',10000,'\r\n/assets/storage/images/account_46R2EO.png\r\n/assets/storage/images/account_8KFN95.png\r\n/assets/storage/images/account_DWTNRS.png\r\n/assets/storage/images/account_P8RWQC.png\r\n/assets/storage/images/account_OLJ7G1.png\r\n/assets/storage/images/account_4O76JG.png\r\n/assets/storage/images/account_42AERD.png\r\n/assets/storage/images/account_Y09PO4.png\r\n/assets/storage/images/account_5TPIHM.png\r\n/assets/storage/images/account_KRF7QW.png\r\n/assets/storage/images/account_7BLM4U.png\r\n/assets/storage/images/account_3NPSO0.png\r\n/assets/storage/images/account_NMH59R.png\r\n/assets/storage/images/account_M03RUL.png\r\n/assets/storage/images/account_BIFCZ9.png\r\n/assets/storage/images/account_TV2U9K.png\r\n/assets/storage/images/account_EX2SJK.png\r\n/assets/storage/images/account_UCMJ80.png\r\n/assets/storage/images/account_MSTOKH.png\r\n/assets/storage/images/account_SU0FBJ.png\r\n/assets/storage/images/account_D1TY6J.png\r\n/assets/storage/images/account_AN1C2V.png\r\n/assets/storage/images/account_LI9UX2.png\r\n/assets/storage/images/account_W1NEX0.png\r\n/assets/storage/images/account_KT7U3S.png\r\n/assets/storage/images/account_J5DYEI.png\r\n/assets/storage/images/account_N5G9KH.png\r\n/assets/storage/images/account_3XK42O.png\r\n/assets/storage/images/account_D6TGC9.png\r\n/assets/storage/images/account_EOX6W7.png\r\n/assets/storage/images/account_7GFITY.png\r\n/assets/storage/images/account_AU9EQK.png\r\n/assets/storage/images/account_K052WN.png\r\n/assets/storage/images/account_1LC0HP.png\r\n/assets/storage/images/account_4V7IAG.png\r\n/assets/storage/images/account_2UVLEA.png\r\n/assets/storage/images/account_T9SXVM.png\r\n/assets/storage/images/account_87SKIH.png\r\n/assets/storage/images/account_KRLA89.png\r\n/assets/storage/images/account_E6OFHS.png\r\n/assets/storage/images/account_6G7ZE3.png\r\n/assets/storage/images/account_ZSO4XP.png'),(10037,'8','test|aa|232','Rank: Bạch Kim\r\nĐăng ký: FaceBook','2021-04-02 19:33:17',NULL,NULL,NULL,NULL,'/assets/storage/images/account_X65ZON.png',10000,'\r\n/assets/storage/images/account_46R2EO.png\r\n/assets/storage/images/account_8KFN95.png\r\n/assets/storage/images/account_DWTNRS.png\r\n/assets/storage/images/account_P8RWQC.png\r\n/assets/storage/images/account_OLJ7G1.png\r\n/assets/storage/images/account_4O76JG.png\r\n/assets/storage/images/account_42AERD.png\r\n/assets/storage/images/account_Y09PO4.png\r\n/assets/storage/images/account_5TPIHM.png\r\n/assets/storage/images/account_KRF7QW.png\r\n/assets/storage/images/account_7BLM4U.png\r\n/assets/storage/images/account_3NPSO0.png\r\n/assets/storage/images/account_NMH59R.png\r\n/assets/storage/images/account_M03RUL.png\r\n/assets/storage/images/account_BIFCZ9.png\r\n/assets/storage/images/account_TV2U9K.png\r\n/assets/storage/images/account_EX2SJK.png\r\n/assets/storage/images/account_UCMJ80.png\r\n/assets/storage/images/account_MSTOKH.png\r\n/assets/storage/images/account_SU0FBJ.png\r\n/assets/storage/images/account_D1TY6J.png\r\n/assets/storage/images/account_AN1C2V.png\r\n/assets/storage/images/account_LI9UX2.png\r\n/assets/storage/images/account_W1NEX0.png\r\n/assets/storage/images/account_KT7U3S.png\r\n/assets/storage/images/account_J5DYEI.png\r\n/assets/storage/images/account_N5G9KH.png\r\n/assets/storage/images/account_3XK42O.png\r\n/assets/storage/images/account_D6TGC9.png\r\n/assets/storage/images/account_EOX6W7.png\r\n/assets/storage/images/account_7GFITY.png\r\n/assets/storage/images/account_AU9EQK.png\r\n/assets/storage/images/account_K052WN.png\r\n/assets/storage/images/account_1LC0HP.png\r\n/assets/storage/images/account_4V7IAG.png\r\n/assets/storage/images/account_2UVLEA.png\r\n/assets/storage/images/account_T9SXVM.png\r\n/assets/storage/images/account_87SKIH.png\r\n/assets/storage/images/account_KRLA89.png\r\n/assets/storage/images/account_E6OFHS.png\r\n/assets/storage/images/account_6G7ZE3.png\r\n/assets/storage/images/account_ZSO4XP.png'),(10038,'8','test|aa|232','Rank: Bạch Kim\r\nĐăng ký: FaceBook','2021-04-02 19:33:17',NULL,NULL,NULL,NULL,'/assets/storage/images/account_X65ZON.png',10000,'\r\n/assets/storage/images/account_46R2EO.png\r\n/assets/storage/images/account_8KFN95.png\r\n/assets/storage/images/account_DWTNRS.png\r\n/assets/storage/images/account_P8RWQC.png\r\n/assets/storage/images/account_OLJ7G1.png\r\n/assets/storage/images/account_4O76JG.png\r\n/assets/storage/images/account_42AERD.png\r\n/assets/storage/images/account_Y09PO4.png\r\n/assets/storage/images/account_5TPIHM.png\r\n/assets/storage/images/account_KRF7QW.png\r\n/assets/storage/images/account_7BLM4U.png\r\n/assets/storage/images/account_3NPSO0.png\r\n/assets/storage/images/account_NMH59R.png\r\n/assets/storage/images/account_M03RUL.png\r\n/assets/storage/images/account_BIFCZ9.png\r\n/assets/storage/images/account_TV2U9K.png\r\n/assets/storage/images/account_EX2SJK.png\r\n/assets/storage/images/account_UCMJ80.png\r\n/assets/storage/images/account_MSTOKH.png\r\n/assets/storage/images/account_SU0FBJ.png\r\n/assets/storage/images/account_D1TY6J.png\r\n/assets/storage/images/account_AN1C2V.png\r\n/assets/storage/images/account_LI9UX2.png\r\n/assets/storage/images/account_W1NEX0.png\r\n/assets/storage/images/account_KT7U3S.png\r\n/assets/storage/images/account_J5DYEI.png\r\n/assets/storage/images/account_N5G9KH.png\r\n/assets/storage/images/account_3XK42O.png\r\n/assets/storage/images/account_D6TGC9.png\r\n/assets/storage/images/account_EOX6W7.png\r\n/assets/storage/images/account_7GFITY.png\r\n/assets/storage/images/account_AU9EQK.png\r\n/assets/storage/images/account_K052WN.png\r\n/assets/storage/images/account_1LC0HP.png\r\n/assets/storage/images/account_4V7IAG.png\r\n/assets/storage/images/account_2UVLEA.png\r\n/assets/storage/images/account_T9SXVM.png\r\n/assets/storage/images/account_87SKIH.png\r\n/assets/storage/images/account_KRLA89.png\r\n/assets/storage/images/account_E6OFHS.png\r\n/assets/storage/images/account_6G7ZE3.png\r\n/assets/storage/images/account_ZSO4XP.png'),(10039,'8','test|aa|232','Rank: Bạch Kim\r\nĐăng ký: FaceBook','2021-04-02 19:33:17',NULL,NULL,NULL,NULL,'/assets/storage/images/account_X65ZON.png',10000,'\r\n/assets/storage/images/account_46R2EO.png\r\n/assets/storage/images/account_8KFN95.png\r\n/assets/storage/images/account_DWTNRS.png\r\n/assets/storage/images/account_P8RWQC.png\r\n/assets/storage/images/account_OLJ7G1.png\r\n/assets/storage/images/account_4O76JG.png\r\n/assets/storage/images/account_42AERD.png\r\n/assets/storage/images/account_Y09PO4.png\r\n/assets/storage/images/account_5TPIHM.png\r\n/assets/storage/images/account_KRF7QW.png\r\n/assets/storage/images/account_7BLM4U.png\r\n/assets/storage/images/account_3NPSO0.png\r\n/assets/storage/images/account_NMH59R.png\r\n/assets/storage/images/account_M03RUL.png\r\n/assets/storage/images/account_BIFCZ9.png\r\n/assets/storage/images/account_TV2U9K.png\r\n/assets/storage/images/account_EX2SJK.png\r\n/assets/storage/images/account_UCMJ80.png\r\n/assets/storage/images/account_MSTOKH.png\r\n/assets/storage/images/account_SU0FBJ.png\r\n/assets/storage/images/account_D1TY6J.png\r\n/assets/storage/images/account_AN1C2V.png\r\n/assets/storage/images/account_LI9UX2.png\r\n/assets/storage/images/account_W1NEX0.png\r\n/assets/storage/images/account_KT7U3S.png\r\n/assets/storage/images/account_J5DYEI.png\r\n/assets/storage/images/account_N5G9KH.png\r\n/assets/storage/images/account_3XK42O.png\r\n/assets/storage/images/account_D6TGC9.png\r\n/assets/storage/images/account_EOX6W7.png\r\n/assets/storage/images/account_7GFITY.png\r\n/assets/storage/images/account_AU9EQK.png\r\n/assets/storage/images/account_K052WN.png\r\n/assets/storage/images/account_1LC0HP.png\r\n/assets/storage/images/account_4V7IAG.png\r\n/assets/storage/images/account_2UVLEA.png\r\n/assets/storage/images/account_T9SXVM.png\r\n/assets/storage/images/account_87SKIH.png\r\n/assets/storage/images/account_KRLA89.png\r\n/assets/storage/images/account_E6OFHS.png\r\n/assets/storage/images/account_6G7ZE3.png\r\n/assets/storage/images/account_ZSO4XP.png'),(10040,'8','test|aa|232','Rank: Bạch Kim\r\nĐăng ký: FaceBook','2021-04-02 19:33:17',NULL,NULL,NULL,NULL,'/assets/storage/images/account_X65ZON.png',10000,'\r\n/assets/storage/images/account_46R2EO.png\r\n/assets/storage/images/account_8KFN95.png\r\n/assets/storage/images/account_DWTNRS.png\r\n/assets/storage/images/account_P8RWQC.png\r\n/assets/storage/images/account_OLJ7G1.png\r\n/assets/storage/images/account_4O76JG.png\r\n/assets/storage/images/account_42AERD.png\r\n/assets/storage/images/account_Y09PO4.png\r\n/assets/storage/images/account_5TPIHM.png\r\n/assets/storage/images/account_KRF7QW.png\r\n/assets/storage/images/account_7BLM4U.png\r\n/assets/storage/images/account_3NPSO0.png\r\n/assets/storage/images/account_NMH59R.png\r\n/assets/storage/images/account_M03RUL.png\r\n/assets/storage/images/account_BIFCZ9.png\r\n/assets/storage/images/account_TV2U9K.png\r\n/assets/storage/images/account_EX2SJK.png\r\n/assets/storage/images/account_UCMJ80.png\r\n/assets/storage/images/account_MSTOKH.png\r\n/assets/storage/images/account_SU0FBJ.png\r\n/assets/storage/images/account_D1TY6J.png\r\n/assets/storage/images/account_AN1C2V.png\r\n/assets/storage/images/account_LI9UX2.png\r\n/assets/storage/images/account_W1NEX0.png\r\n/assets/storage/images/account_KT7U3S.png\r\n/assets/storage/images/account_J5DYEI.png\r\n/assets/storage/images/account_N5G9KH.png\r\n/assets/storage/images/account_3XK42O.png\r\n/assets/storage/images/account_D6TGC9.png\r\n/assets/storage/images/account_EOX6W7.png\r\n/assets/storage/images/account_7GFITY.png\r\n/assets/storage/images/account_AU9EQK.png\r\n/assets/storage/images/account_K052WN.png\r\n/assets/storage/images/account_1LC0HP.png\r\n/assets/storage/images/account_4V7IAG.png\r\n/assets/storage/images/account_2UVLEA.png\r\n/assets/storage/images/account_T9SXVM.png\r\n/assets/storage/images/account_87SKIH.png\r\n/assets/storage/images/account_KRLA89.png\r\n/assets/storage/images/account_E6OFHS.png\r\n/assets/storage/images/account_6G7ZE3.png\r\n/assets/storage/images/account_ZSO4XP.png'),(10041,'8','test|aa|232','Rank: Bạch Kim\r\nĐăng ký: FaceBook','2021-04-02 19:33:17',NULL,NULL,NULL,NULL,'/assets/storage/images/account_X65ZON.png',10000,'\r\n/assets/storage/images/account_46R2EO.png\r\n/assets/storage/images/account_8KFN95.png\r\n/assets/storage/images/account_DWTNRS.png\r\n/assets/storage/images/account_P8RWQC.png\r\n/assets/storage/images/account_OLJ7G1.png\r\n/assets/storage/images/account_4O76JG.png\r\n/assets/storage/images/account_42AERD.png\r\n/assets/storage/images/account_Y09PO4.png\r\n/assets/storage/images/account_5TPIHM.png\r\n/assets/storage/images/account_KRF7QW.png\r\n/assets/storage/images/account_7BLM4U.png\r\n/assets/storage/images/account_3NPSO0.png\r\n/assets/storage/images/account_NMH59R.png\r\n/assets/storage/images/account_M03RUL.png\r\n/assets/storage/images/account_BIFCZ9.png\r\n/assets/storage/images/account_TV2U9K.png\r\n/assets/storage/images/account_EX2SJK.png\r\n/assets/storage/images/account_UCMJ80.png\r\n/assets/storage/images/account_MSTOKH.png\r\n/assets/storage/images/account_SU0FBJ.png\r\n/assets/storage/images/account_D1TY6J.png\r\n/assets/storage/images/account_AN1C2V.png\r\n/assets/storage/images/account_LI9UX2.png\r\n/assets/storage/images/account_W1NEX0.png\r\n/assets/storage/images/account_KT7U3S.png\r\n/assets/storage/images/account_J5DYEI.png\r\n/assets/storage/images/account_N5G9KH.png\r\n/assets/storage/images/account_3XK42O.png\r\n/assets/storage/images/account_D6TGC9.png\r\n/assets/storage/images/account_EOX6W7.png\r\n/assets/storage/images/account_7GFITY.png\r\n/assets/storage/images/account_AU9EQK.png\r\n/assets/storage/images/account_K052WN.png\r\n/assets/storage/images/account_1LC0HP.png\r\n/assets/storage/images/account_4V7IAG.png\r\n/assets/storage/images/account_2UVLEA.png\r\n/assets/storage/images/account_T9SXVM.png\r\n/assets/storage/images/account_87SKIH.png\r\n/assets/storage/images/account_KRLA89.png\r\n/assets/storage/images/account_E6OFHS.png\r\n/assets/storage/images/account_6G7ZE3.png\r\n/assets/storage/images/account_ZSO4XP.png'),(10042,'8','test|aa|232','Rank: Bạch Kim\r\nĐăng ký: FaceBook','2021-04-02 19:33:17',NULL,NULL,NULL,NULL,'/assets/storage/images/account_X65ZON.png',10000,'\r\n/assets/storage/images/account_46R2EO.png\r\n/assets/storage/images/account_8KFN95.png\r\n/assets/storage/images/account_DWTNRS.png\r\n/assets/storage/images/account_P8RWQC.png\r\n/assets/storage/images/account_OLJ7G1.png\r\n/assets/storage/images/account_4O76JG.png\r\n/assets/storage/images/account_42AERD.png\r\n/assets/storage/images/account_Y09PO4.png\r\n/assets/storage/images/account_5TPIHM.png\r\n/assets/storage/images/account_KRF7QW.png\r\n/assets/storage/images/account_7BLM4U.png\r\n/assets/storage/images/account_3NPSO0.png\r\n/assets/storage/images/account_NMH59R.png\r\n/assets/storage/images/account_M03RUL.png\r\n/assets/storage/images/account_BIFCZ9.png\r\n/assets/storage/images/account_TV2U9K.png\r\n/assets/storage/images/account_EX2SJK.png\r\n/assets/storage/images/account_UCMJ80.png\r\n/assets/storage/images/account_MSTOKH.png\r\n/assets/storage/images/account_SU0FBJ.png\r\n/assets/storage/images/account_D1TY6J.png\r\n/assets/storage/images/account_AN1C2V.png\r\n/assets/storage/images/account_LI9UX2.png\r\n/assets/storage/images/account_W1NEX0.png\r\n/assets/storage/images/account_KT7U3S.png\r\n/assets/storage/images/account_J5DYEI.png\r\n/assets/storage/images/account_N5G9KH.png\r\n/assets/storage/images/account_3XK42O.png\r\n/assets/storage/images/account_D6TGC9.png\r\n/assets/storage/images/account_EOX6W7.png\r\n/assets/storage/images/account_7GFITY.png\r\n/assets/storage/images/account_AU9EQK.png\r\n/assets/storage/images/account_K052WN.png\r\n/assets/storage/images/account_1LC0HP.png\r\n/assets/storage/images/account_4V7IAG.png\r\n/assets/storage/images/account_2UVLEA.png\r\n/assets/storage/images/account_T9SXVM.png\r\n/assets/storage/images/account_87SKIH.png\r\n/assets/storage/images/account_KRLA89.png\r\n/assets/storage/images/account_E6OFHS.png\r\n/assets/storage/images/account_6G7ZE3.png\r\n/assets/storage/images/account_ZSO4XP.png'),(10043,'8','test|aa|232','Rank: Bạch Kim\r\nĐăng ký: FaceBook','2021-04-02 19:33:17',NULL,NULL,NULL,NULL,'/assets/storage/images/account_X65ZON.png',10000,'\r\n/assets/storage/images/account_46R2EO.png\r\n/assets/storage/images/account_8KFN95.png\r\n/assets/storage/images/account_DWTNRS.png\r\n/assets/storage/images/account_P8RWQC.png\r\n/assets/storage/images/account_OLJ7G1.png\r\n/assets/storage/images/account_4O76JG.png\r\n/assets/storage/images/account_42AERD.png\r\n/assets/storage/images/account_Y09PO4.png\r\n/assets/storage/images/account_5TPIHM.png\r\n/assets/storage/images/account_KRF7QW.png\r\n/assets/storage/images/account_7BLM4U.png\r\n/assets/storage/images/account_3NPSO0.png\r\n/assets/storage/images/account_NMH59R.png\r\n/assets/storage/images/account_M03RUL.png\r\n/assets/storage/images/account_BIFCZ9.png\r\n/assets/storage/images/account_TV2U9K.png\r\n/assets/storage/images/account_EX2SJK.png\r\n/assets/storage/images/account_UCMJ80.png\r\n/assets/storage/images/account_MSTOKH.png\r\n/assets/storage/images/account_SU0FBJ.png\r\n/assets/storage/images/account_D1TY6J.png\r\n/assets/storage/images/account_AN1C2V.png\r\n/assets/storage/images/account_LI9UX2.png\r\n/assets/storage/images/account_W1NEX0.png\r\n/assets/storage/images/account_KT7U3S.png\r\n/assets/storage/images/account_J5DYEI.png\r\n/assets/storage/images/account_N5G9KH.png\r\n/assets/storage/images/account_3XK42O.png\r\n/assets/storage/images/account_D6TGC9.png\r\n/assets/storage/images/account_EOX6W7.png\r\n/assets/storage/images/account_7GFITY.png\r\n/assets/storage/images/account_AU9EQK.png\r\n/assets/storage/images/account_K052WN.png\r\n/assets/storage/images/account_1LC0HP.png\r\n/assets/storage/images/account_4V7IAG.png\r\n/assets/storage/images/account_2UVLEA.png\r\n/assets/storage/images/account_T9SXVM.png\r\n/assets/storage/images/account_87SKIH.png\r\n/assets/storage/images/account_KRLA89.png\r\n/assets/storage/images/account_E6OFHS.png\r\n/assets/storage/images/account_6G7ZE3.png\r\n/assets/storage/images/account_ZSO4XP.png'),(10044,'8','test|aa|232','Rank: Bạch Kim\r\nĐăng ký: FaceBook','2021-04-02 19:33:17','2021-05-24 05:17:47','admin','1621808267',NULL,'/assets/storage/images/account_X65ZON.png',10000,'\r\n/assets/storage/images/account_46R2EO.png\r\n/assets/storage/images/account_8KFN95.png\r\n/assets/storage/images/account_DWTNRS.png\r\n/assets/storage/images/account_P8RWQC.png\r\n/assets/storage/images/account_OLJ7G1.png\r\n/assets/storage/images/account_4O76JG.png\r\n/assets/storage/images/account_42AERD.png\r\n/assets/storage/images/account_Y09PO4.png\r\n/assets/storage/images/account_5TPIHM.png\r\n/assets/storage/images/account_KRF7QW.png\r\n/assets/storage/images/account_7BLM4U.png\r\n/assets/storage/images/account_3NPSO0.png\r\n/assets/storage/images/account_NMH59R.png\r\n/assets/storage/images/account_M03RUL.png\r\n/assets/storage/images/account_BIFCZ9.png\r\n/assets/storage/images/account_TV2U9K.png\r\n/assets/storage/images/account_EX2SJK.png\r\n/assets/storage/images/account_UCMJ80.png\r\n/assets/storage/images/account_MSTOKH.png\r\n/assets/storage/images/account_SU0FBJ.png\r\n/assets/storage/images/account_D1TY6J.png\r\n/assets/storage/images/account_AN1C2V.png\r\n/assets/storage/images/account_LI9UX2.png\r\n/assets/storage/images/account_W1NEX0.png\r\n/assets/storage/images/account_KT7U3S.png\r\n/assets/storage/images/account_J5DYEI.png\r\n/assets/storage/images/account_N5G9KH.png\r\n/assets/storage/images/account_3XK42O.png\r\n/assets/storage/images/account_D6TGC9.png\r\n/assets/storage/images/account_EOX6W7.png\r\n/assets/storage/images/account_7GFITY.png\r\n/assets/storage/images/account_AU9EQK.png\r\n/assets/storage/images/account_K052WN.png\r\n/assets/storage/images/account_1LC0HP.png\r\n/assets/storage/images/account_4V7IAG.png\r\n/assets/storage/images/account_2UVLEA.png\r\n/assets/storage/images/account_T9SXVM.png\r\n/assets/storage/images/account_87SKIH.png\r\n/assets/storage/images/account_KRLA89.png\r\n/assets/storage/images/account_E6OFHS.png\r\n/assets/storage/images/account_6G7ZE3.png\r\n/assets/storage/images/account_ZSO4XP.png'),(10045,'8','test|aa|232','Rank: Bạch Kim\r\nĐăng ký: FaceBook','2021-04-02 19:33:17','2021-05-24 00:47:59','admin','1621792079',NULL,'/assets/storage/images/account_X65ZON.png',10000,'\r\n/assets/storage/images/account_46R2EO.png\r\n/assets/storage/images/account_8KFN95.png\r\n/assets/storage/images/account_DWTNRS.png\r\n/assets/storage/images/account_P8RWQC.png\r\n/assets/storage/images/account_OLJ7G1.png\r\n/assets/storage/images/account_4O76JG.png\r\n/assets/storage/images/account_42AERD.png\r\n/assets/storage/images/account_Y09PO4.png\r\n/assets/storage/images/account_5TPIHM.png\r\n/assets/storage/images/account_KRF7QW.png\r\n/assets/storage/images/account_7BLM4U.png\r\n/assets/storage/images/account_3NPSO0.png\r\n/assets/storage/images/account_NMH59R.png\r\n/assets/storage/images/account_M03RUL.png\r\n/assets/storage/images/account_BIFCZ9.png\r\n/assets/storage/images/account_TV2U9K.png\r\n/assets/storage/images/account_EX2SJK.png\r\n/assets/storage/images/account_UCMJ80.png\r\n/assets/storage/images/account_MSTOKH.png\r\n/assets/storage/images/account_SU0FBJ.png\r\n/assets/storage/images/account_D1TY6J.png\r\n/assets/storage/images/account_AN1C2V.png\r\n/assets/storage/images/account_LI9UX2.png\r\n/assets/storage/images/account_W1NEX0.png\r\n/assets/storage/images/account_KT7U3S.png\r\n/assets/storage/images/account_J5DYEI.png\r\n/assets/storage/images/account_N5G9KH.png\r\n/assets/storage/images/account_3XK42O.png\r\n/assets/storage/images/account_D6TGC9.png\r\n/assets/storage/images/account_EOX6W7.png\r\n/assets/storage/images/account_7GFITY.png\r\n/assets/storage/images/account_AU9EQK.png\r\n/assets/storage/images/account_K052WN.png\r\n/assets/storage/images/account_1LC0HP.png\r\n/assets/storage/images/account_4V7IAG.png\r\n/assets/storage/images/account_2UVLEA.png\r\n/assets/storage/images/account_T9SXVM.png\r\n/assets/storage/images/account_87SKIH.png\r\n/assets/storage/images/account_KRLA89.png\r\n/assets/storage/images/account_E6OFHS.png\r\n/assets/storage/images/account_6G7ZE3.png\r\n/assets/storage/images/account_ZSO4XP.png'),(10046,'8','test|aa|232','Rank: Bạch Kim\r\nĐăng ký: FaceBook','2021-04-02 19:33:17','2021-05-24 05:15:03','admin','1621808103',NULL,'/assets/storage/images/account_X65ZON.png',10000,'\r\n/assets/storage/images/account_46R2EO.png\r\n/assets/storage/images/account_8KFN95.png\r\n/assets/storage/images/account_DWTNRS.png\r\n/assets/storage/images/account_P8RWQC.png\r\n/assets/storage/images/account_OLJ7G1.png\r\n/assets/storage/images/account_4O76JG.png\r\n/assets/storage/images/account_42AERD.png\r\n/assets/storage/images/account_Y09PO4.png\r\n/assets/storage/images/account_5TPIHM.png\r\n/assets/storage/images/account_KRF7QW.png\r\n/assets/storage/images/account_7BLM4U.png\r\n/assets/storage/images/account_3NPSO0.png\r\n/assets/storage/images/account_NMH59R.png\r\n/assets/storage/images/account_M03RUL.png\r\n/assets/storage/images/account_BIFCZ9.png\r\n/assets/storage/images/account_TV2U9K.png\r\n/assets/storage/images/account_EX2SJK.png\r\n/assets/storage/images/account_UCMJ80.png\r\n/assets/storage/images/account_MSTOKH.png\r\n/assets/storage/images/account_SU0FBJ.png\r\n/assets/storage/images/account_D1TY6J.png\r\n/assets/storage/images/account_AN1C2V.png\r\n/assets/storage/images/account_LI9UX2.png\r\n/assets/storage/images/account_W1NEX0.png\r\n/assets/storage/images/account_KT7U3S.png\r\n/assets/storage/images/account_J5DYEI.png\r\n/assets/storage/images/account_N5G9KH.png\r\n/assets/storage/images/account_3XK42O.png\r\n/assets/storage/images/account_D6TGC9.png\r\n/assets/storage/images/account_EOX6W7.png\r\n/assets/storage/images/account_7GFITY.png\r\n/assets/storage/images/account_AU9EQK.png\r\n/assets/storage/images/account_K052WN.png\r\n/assets/storage/images/account_1LC0HP.png\r\n/assets/storage/images/account_4V7IAG.png\r\n/assets/storage/images/account_2UVLEA.png\r\n/assets/storage/images/account_T9SXVM.png\r\n/assets/storage/images/account_87SKIH.png\r\n/assets/storage/images/account_KRLA89.png\r\n/assets/storage/images/account_E6OFHS.png\r\n/assets/storage/images/account_6G7ZE3.png\r\n/assets/storage/images/account_ZSO4XP.png'),(10047,'11','dad|Adad|ADad','Kiểu Nick: Random\r\nNick: 100% đúng\r\nAcc Ngon: 40%','2021-04-02 22:04:04',NULL,NULL,NULL,NULL,'/assets/storage/images/account_ZXNKJP.png',60000,'\r\n/assets/storage/images/account_M0ZU9F.png'),(10048,'11','dad|Adad|ADad','Kiểu Nick: Random\r\nNick: 100% đúng\r\nAcc Ngon: 40%','2021-04-02 22:04:04',NULL,NULL,NULL,NULL,'/assets/storage/images/account_ZXNKJP.png',60000,'\r\n/assets/storage/images/account_M0ZU9F.png'),(10049,'11','dad|Adad|ADad','Kiểu Nick: Random\r\nNick: 100% đúng\r\nAcc Ngon: 40%','2021-04-02 22:04:04',NULL,NULL,NULL,NULL,'/assets/storage/images/account_ZXNKJP.png',60000,'\r\n/assets/storage/images/account_M0ZU9F.png'),(10050,'11','dad|Adad|ADad','Kiểu Nick: Random\r\nNick: 100% đúng\r\nAcc Ngon: 40%','2021-04-02 22:04:04',NULL,NULL,NULL,NULL,'/assets/storage/images/account_ZXNKJP.png',60000,'\r\n/assets/storage/images/account_M0ZU9F.png'),(10051,'11','dad|Adad|ADad','Kiểu Nick: Random\r\nNick: 100% đúng\r\nAcc Ngon: 40%','2021-04-02 22:04:04',NULL,NULL,NULL,NULL,'/assets/storage/images/account_ZXNKJP.png',60000,'\r\n/assets/storage/images/account_M0ZU9F.png'),(10052,'11','dad|Adad|ADad','Kiểu Nick: Random\r\nNick: 100% đúng\r\nAcc Ngon: 40%','2021-04-02 22:04:04',NULL,NULL,NULL,NULL,'/assets/storage/images/account_ZXNKJP.png',60000,'\r\n/assets/storage/images/account_M0ZU9F.png'),(10053,'11','dad|Adad|ADad','Kiểu Nick: Random\r\nNick: 100% đúng\r\nAcc Ngon: 40%','2021-04-02 22:04:04',NULL,NULL,NULL,NULL,'/assets/storage/images/account_ZXNKJP.png',60000,'\r\n/assets/storage/images/account_M0ZU9F.png'),(10054,'11','dad|Adad|ADad','Kiểu Nick: Random\r\nNick: 100% đúng\r\nAcc Ngon: 40%','2021-04-02 22:04:04',NULL,NULL,NULL,NULL,'/assets/storage/images/account_ZXNKJP.png',60000,'\r\n/assets/storage/images/account_M0ZU9F.png'),(10055,'11','dad|Adad|ADad','Kiểu Nick: Random\r\nNick: 100% đúng\r\nAcc Ngon: 40%','2021-04-02 22:04:04',NULL,NULL,NULL,NULL,'/assets/storage/images/account_ZXNKJP.png',60000,'\r\n/assets/storage/images/account_M0ZU9F.png'),(10056,'11','dad|Adad|ADad','Kiểu Nick: Random\r\nNick: 100% đúng\r\nAcc Ngon: 40%','2021-04-02 22:04:04',NULL,NULL,NULL,NULL,'/assets/storage/images/account_ZXNKJP.png',60000,'\r\n/assets/storage/images/account_M0ZU9F.png');
/*!40000 ALTER TABLE `accounts` ENABLE KEYS */;
UNLOCK TABLES;

--
-- Table structure for table `bank`
--

DROP TABLE IF EXISTS `bank`;
/*!40101 SET @saved_cs_client     = @@character_set_client */;
/*!50503 SET character_set_client = utf8mb4 */;
CREATE TABLE `bank` (
  `id` int NOT NULL AUTO_INCREMENT,
  `stk` text CHARACTER SET utf8mb4 COLLATE utf8mb4_general_ci NOT NULL,
  `name` text CHARACTER SET utf8mb4 COLLATE utf8mb4_general_ci NOT NULL,
  `bank_name` text CHARACTER SET utf8mb4 COLLATE utf8mb4_general_ci NOT NULL,
  `chi_nhanh` text CHARACTER SET utf8mb4 COLLATE utf8mb4_general_ci NOT NULL,
  `logo` text CHARACTER SET utf8mb4 COLLATE utf8mb4_general_ci,
  `ghichu` text CHARACTER SET utf8mb4 COLLATE utf8mb4_general_ci,
  PRIMARY KEY (`id`) USING BTREE
) ENGINE=InnoDB AUTO_INCREMENT=10 DEFAULT CHARSET=utf8mb4 COLLATE=utf8mb4_general_ci ROW_FORMAT=DYNAMIC;
/*!40101 SET character_set_client = @saved_cs_client */;

--
-- Dumping data for table `bank`
--

LOCK TABLES `bank` WRITE;
/*!40000 ALTER TABLE `bank` DISABLE KEYS */;
INSERT INTO `bank` VALUES (5,'886788999','Vietinbank Auto','VUONG VAN SAN','Tây Ninh','https://i.imgur.com/5lONuYM.png','Vui lòng nhập đúng nội dung khi chuyển khoản.'),(7,'896789999','Vietcombank Auto','VUONG VAN SAN','Tay Ninh','https://i.imgur.com/9wOUZTv.png','Vui lòng nhập đúng nội dung khi chuyển khoản.'),(9,'0989999666','MoMo Auto','VUONG VAN SAN','','https://i.imgur.com/BoGl5TM.png','Nhập đúng nội dung, cộng tiền sau 30s - 60s');
/*!40000 ALTER TABLE `bank` ENABLE KEYS */;
UNLOCK TABLES;

--
-- Table structure for table `bank_auto`
--

DROP TABLE IF EXISTS `bank_auto`;
/*!40101 SET @saved_cs_client     = @@character_set_client */;
/*!50503 SET character_set_client = utf8mb4 */;
CREATE TABLE `bank_auto` (
  `id` int NOT NULL AUTO_INCREMENT,
  `tid` varchar(64) CHARACTER SET utf8mb4 COLLATE utf8mb4_vietnamese_ci DEFAULT NULL,
  `description` text CHARACTER SET utf8mb4 COLLATE utf8mb4_vietnamese_ci,
  `amount` int DEFAULT '0',
  `cusum_balance` int DEFAULT '0',
  `time` datetime DEFAULT NULL,
  `bank_sub_acc_id` varchar(64) CHARACTER SET utf8mb4 COLLATE utf8mb4_vietnamese_ci DEFAULT NULL,
  `username` varchar(64) CHARACTER SET utf8mb4 COLLATE utf8mb4_vietnamese_ci DEFAULT NULL,
  PRIMARY KEY (`id`) USING BTREE
) ENGINE=InnoDB AUTO_INCREMENT=2 DEFAULT CHARSET=utf8mb4 COLLATE=utf8mb4_vietnamese_ci ROW_FORMAT=DYNAMIC;
/*!40101 SET character_set_client = @saved_cs_client */;

--
-- Dumping data for table `bank_auto`
--

LOCK TABLES `bank_auto` WRITE;
/*!40000 ALTER TABLE `bank_auto` DISABLE KEYS */;
/*!40000 ALTER TABLE `bank_auto` ENABLE KEYS */;
UNLOCK TABLES;

--
-- Table structure for table `cards`
--

DROP TABLE IF EXISTS `cards`;
/*!40101 SET @saved_cs_client     = @@character_set_client */;
/*!50503 SET character_set_client = utf8mb4 */;
CREATE TABLE `cards` (
  `id` int NOT NULL AUTO_INCREMENT,
  `code` varchar(32) CHARACTER SET latin1 COLLATE latin1_swedish_ci DEFAULT NULL,
  `username` varchar(32) CHARACTER SET latin1 COLLATE latin1_swedish_ci NOT NULL,
  `loaithe` varchar(32) CHARACTER SET latin1 COLLATE latin1_swedish_ci NOT NULL,
  `menhgia` int NOT NULL,
  `thucnhan` int DEFAULT '0',
  `seri` text CHARACTER SET latin1 COLLATE latin1_swedish_ci NOT NULL,
  `pin` text CHARACTER SET latin1 COLLATE latin1_swedish_ci NOT NULL,
  `createdate` datetime NOT NULL,
  `status` varchar(32) CHARACTER SET latin1 COLLATE latin1_swedish_ci NOT NULL,
  `note` text CHARACTER SET latin1 COLLATE latin1_swedish_ci NOT NULL,
  PRIMARY KEY (`id`) USING BTREE
) ENGINE=InnoDB AUTO_INCREMENT=2 DEFAULT CHARSET=latin1 ROW_FORMAT=DYNAMIC;
/*!40101 SET character_set_client = @saved_cs_client */;

--
-- Dumping data for table `cards`
--

LOCK TABLES `cards` WRITE;
/*!40000 ALTER TABLE `cards` DISABLE KEYS */;
INSERT INTO `cards` VALUES (1,'w0znjGcPi3JHCqaKb8uNo2tYxWy17Mhm','admin','Viettel',50000,35000,'10002321233122','522310413671234','2021-01-30 03:54:22','xuly','');
/*!40000 ALTER TABLE `cards` ENABLE KEYS */;
UNLOCK TABLES;

--
-- Table structure for table `category`
--

DROP TABLE IF EXISTS `category`;
/*!40101 SET @saved_cs_client     = @@character_set_client */;
/*!50503 SET character_set_client = utf8mb4 */;
CREATE TABLE `category` (
  `id` int NOT NULL AUTO_INCREMENT,
  `title` varchar(255) CHARACTER SET utf8mb3 COLLATE utf8mb3_vietnamese_ci DEFAULT NULL,
  `display` varchar(255) CHARACTER SET utf8mb3 COLLATE utf8mb3_vietnamese_ci DEFAULT NULL,
  `img` varchar(255) CHARACTER SET utf8mb3 COLLATE utf8mb3_vietnamese_ci DEFAULT NULL,
  PRIMARY KEY (`id`) USING BTREE
) ENGINE=InnoDB AUTO_INCREMENT=8 DEFAULT CHARSET=utf8mb3 COLLATE=utf8mb3_vietnamese_ci ROW_FORMAT=DYNAMIC;
/*!40101 SET character_set_client = @saved_cs_client */;

--
-- Dumping data for table `category`
--

LOCK TABLES `category` WRITE;
/*!40000 ALTER TABLE `category` DISABLE KEYS */;
INSERT INTO `category` VALUES (3,'TÀI KHOẢN CLASH OF CLAN TH15','SHOW','/assets/storage/images/category_5DC10LEUBPHY.png'),(4,'TÀI KHOẢN CLASH OF CLAN TH14','SHOW','/assets/storage/images/category_J1Z6DBQIOSV3.png'),(5,'TÀI KHOẢN CLASH OF CLAN TH13','SHOW','/assets/storage/images/category_XYD82BLM31UR.png'),(6,'TÀI KHOẢN CLASH OF CLAN TH12','SHOW','/assets/storage/images/category_FMU54APW9RLC.png'),(7,'TÀI KHOẢN COC TH16','SHOW','/assets/storage/images/category_8HTOFLCK4YZ0.png');
/*!40000 ALTER TABLE `category` ENABLE KEYS */;
UNLOCK TABLES;

--
-- Table structure for table `category_caythue`
--

DROP TABLE IF EXISTS `category_caythue`;
/*!40101 SET @saved_cs_client     = @@character_set_client */;
/*!50503 SET character_set_client = utf8mb4 */;
CREATE TABLE `category_caythue` (
  `id` int NOT NULL AUTO_INCREMENT,
  `title` varchar(255) CHARACTER SET utf8mb3 COLLATE utf8mb3_vietnamese_ci DEFAULT NULL,
  `display` varchar(255) CHARACTER SET utf8mb3 COLLATE utf8mb3_vietnamese_ci DEFAULT NULL,
  `img` varchar(255) CHARACTER SET utf8mb3 COLLATE utf8mb3_vietnamese_ci DEFAULT NULL,
  PRIMARY KEY (`id`) USING BTREE
) ENGINE=InnoDB AUTO_INCREMENT=9 DEFAULT CHARSET=utf8mb3 COLLATE=utf8mb3_vietnamese_ci ROW_FORMAT=DYNAMIC;
/*!40101 SET character_set_client = @saved_cs_client */;

--
-- Dumping data for table `category_caythue`
--

LOCK TABLES `category_caythue` WRITE;
/*!40000 ALTER TABLE `category_caythue` DISABLE KEYS */;
INSERT INTO `category_caythue` VALUES (7,'CẦY THUÊ ROBLOX','SHOW','/assets/storage/images/category_8T9X7Y45PKJI.png'),(8,'CẦY THUÊ COC','SHOW','/assets/storage/images/category_274H5L16R8GA.png');
/*!40000 ALTER TABLE `category_caythue` ENABLE KEYS */;
UNLOCK TABLES;

--
-- Table structure for table `dongtien`
--

DROP TABLE IF EXISTS `dongtien`;
/*!40101 SET @saved_cs_client     = @@character_set_client */;
/*!50503 SET character_set_client = utf8mb4 */;
CREATE TABLE `dongtien` (
  `id` int NOT NULL AUTO_INCREMENT,
  `sotientruoc` int DEFAULT NULL,
  `sotienthaydoi` int DEFAULT NULL,
  `sotiensau` int DEFAULT NULL,
  `thoigian` datetime DEFAULT NULL,
  `noidung` text CHARACTER SET utf8mb3 COLLATE utf8mb3_vietnamese_ci,
  `username` varchar(255) CHARACTER SET utf8mb3 COLLATE utf8mb3_vietnamese_ci DEFAULT NULL,
  PRIMARY KEY (`id`) USING BTREE
) ENGINE=InnoDB AUTO_INCREMENT=190 DEFAULT CHARSET=utf8mb3 COLLATE=utf8mb3_vietnamese_ci ROW_FORMAT=DYNAMIC;
/*!40101 SET character_set_client = @saved_cs_client */;

--
-- Dumping data for table `dongtien`
--

LOCK TABLES `dongtien` WRITE;
/*!40000 ALTER TABLE `dongtien` DISABLE KEYS */;
INSERT INTO `dongtien` VALUES (141,1000000000,5000,999995000,'2021-02-22 19:36:43','Thanh toán đơn hàng (#9O7HUJ1MKBRI)','admin'),(142,999995000,25000,999970000,'2021-02-22 22:59:26','Thanh toán đơn hàng (#9VZ3NE8TJM4K)','admin'),(143,999970000,25000,999945000,'2021-02-22 22:59:29','Thanh toán đơn hàng (#B2ED4WIYMQNR)','admin'),(144,999945000,-999944990,10,'2021-02-22 23:01:31','Admin thay đổi số dư ','admin'),(145,10,10,0,'2021-02-22 23:02:45','Thanh toán đơn hàng (#8CAQ4VOWK3U7)','admin'),(146,0,10,10,'2021-02-22 23:03:50','Admin thay đổi số dư ','admin'),(147,10,10,0,'2021-02-22 23:04:33','Thanh toán đơn hàng (#Y8EG6UDA4JLN)','admin'),(148,0,5,5,'2021-02-23 01:06:54','Admin thay đổi số dư ','admin'),(149,5,1,4,'2021-02-23 01:07:03','Thanh toán đơn hàng (#ODKF4VBMNISJ)','admin'),(150,4,1,3,'2021-02-23 01:07:19','Thanh toán đơn hàng (#I48Q6DFG9VU2)','admin'),(151,3,47,50,'2021-02-23 19:02:09','Admin thay đổi số dư ','admin'),(152,50,50,0,'2021-02-23 19:03:19','Thanh toán đơn hàng (#3DTA9VMSIUH4)','admin'),(153,1000000,25000,975000,'2021-03-05 20:01:13','Thanh toán đơn hàng (#JV3LN8FETGIR)','admin'),(154,975000,3,974997,'2021-03-05 20:02:25','Thanh toán đơn hàng (#CKRWP248UNJI)','admin'),(155,974997,5,974992,'2021-03-05 20:03:12','Thanh toán đơn hàng (#78CZEU6L2NWB)','admin'),(156,974992,5,974987,'2021-03-05 20:03:31','Thanh toán đơn hàng (#5E3TOJWCF4BD)','admin'),(157,974987,5,974982,'2021-03-05 20:04:28','Thanh toán đơn hàng (#ODTX7G369UHF)','admin'),(158,974982,5000,969982,'2021-03-05 20:36:47','Thanh toán đơn hàng (#921ZKIR0CONV)','admin'),(159,969982,5,969977,'2021-03-05 20:51:05','Thanh toán đơn hàng (#A0PEDBIWNYOX)','admin'),(160,969977,15000,954977,'2021-03-05 20:53:21','Thanh toán đơn hàng (#LZAE3IT0NVBH)','admin'),(161,954977,10000,944977,'2021-03-05 20:55:19','Thanh toán đơn hàng (#KYZ3D2W7ESUN)','admin'),(162,944977,5000,939977,'2021-03-05 20:59:24','Thanh toán đơn hàng (#AM6ZYSF31P84)','admin'),(163,939977,25000,914977,'2021-03-05 21:00:43','Thanh toán đơn hàng (#P890AIL1O567)','admin'),(164,914977,5000,909977,'2021-03-06 02:46:32','Thanh toán đơn hàng (#7ENF0S9M6CJH)','admin'),(165,909977,5000,904977,'2021-03-06 02:50:16','Thanh toán đơn hàng (#QJG5CV2AD9YN)','admin'),(166,1000000,1000000,2000000,'2021-03-06 03:23:52','Admin cộng tiền (test)','admin'),(167,2000000,5000,1995000,'2021-03-06 05:00:13','Thanh toán đơn hàng (#R7CT9HZE6X12)','admin'),(168,1995000,5000,1990000,'2021-03-06 05:09:34','Thanh toán đơn hàng (#MSQLGK6Z170N)','admin'),(169,1990000,5000,1985000,'2021-03-06 06:43:47','Thanh toán đơn hàng (#76ZH12SK0AIT)','admin'),(170,1985000,5000,1980000,'2021-03-06 06:56:20','Thanh toán đơn hàng (#U1I9LPC7R2S3)','admin'),(171,1980000,5000,1975000,'2021-03-06 08:00:49','Thanh toán đơn hàng (#NXORYWUFIBMP)','admin'),(172,1975000,5000,1970000,'2021-03-07 02:39:46','Thanh toán đơn hàng (#4IYG5EKUMHXL)','admin'),(173,1970000,5000,1965000,'2021-03-22 03:23:14','Thanh toán đơn hàng (#VMOC3NAP6K89)','admin'),(174,1974000,9000,1965000,'2021-03-28 04:39:10','Mua tài khoản (#10000)','admin'),(175,1965000,9000,1956000,'2021-03-28 04:39:14','Mua tài khoản (#10000)','admin'),(176,1956000,9000,1947000,'2021-03-28 04:39:18','Mua tài khoản (#10000)','admin'),(177,1947000,9000,1938000,'2021-03-28 04:39:35','Mua tài khoản (#10000)','admin'),(178,1938000,9000,1929000,'2021-03-28 04:41:41','Mua tài khoản (#10004)','admin'),(179,2020000,100000,1920000,'2021-03-28 06:41:07','Mua tài khoản (#10021)','admin'),(180,1920000,100000,1820000,'2021-03-29 18:19:52','Mua tài khoản (#10013)','admin'),(181,2420000,700000,1720000,'2021-04-02 19:12:42','Mua tài khoản (#10012)','admin'),(182,2019999,999999,1020000,'2021-04-02 19:12:59','Mua tài khoản (#10023)','admin'),(183,30001,10000,20001,'2021-04-02 19:39:37','Mua tài khoản (#10026)','admin'),(184,10010000,10000,10000000,'2021-05-24 00:47:59','Mua tài khoản (#10045)','admin'),(185,10000000,10000,9990000,'2021-05-24 05:15:03','Mua tài khoản (#10046)','admin'),(186,9990000,10000,9980000,'2021-05-24 05:17:47','Mua tài khoản (#10044)','admin'),(187,10070000,100000,9970000,'2021-06-10 18:18:59','Đặt hàng gói (Cày 100k cash)','admin'),(188,9970000,100000,9870000,'2021-06-11 11:29:31','Đặt hàng gói (Cày 100k cash)','admin'),(189,9970000,100000,9870000,'2021-06-11 13:22:43','Hoàn tiền gói (Cày 100k cash)','admin');
/*!40000 ALTER TABLE `dongtien` ENABLE KEYS */;
UNLOCK TABLES;

--
-- Table structure for table `groups`
--

DROP TABLE IF EXISTS `groups`;
/*!40101 SET @saved_cs_client     = @@character_set_client */;
/*!50503 SET character_set_client = utf8mb4 */;
CREATE TABLE `groups` (
  `id` int NOT NULL AUTO_INCREMENT,
  `category` int DEFAULT NULL,
  `title` varchar(255) CHARACTER SET utf8mb3 COLLATE utf8mb3_vietnamese_ci DEFAULT NULL,
  `display` varchar(255) CHARACTER SET utf8mb3 COLLATE utf8mb3_vietnamese_ci DEFAULT NULL,
  `img` varchar(255) CHARACTER SET utf8mb3 COLLATE utf8mb3_vietnamese_ci DEFAULT NULL,
  `chitiet` longtext CHARACTER SET utf8mb3 COLLATE utf8mb3_vietnamese_ci,
  PRIMARY KEY (`id`) USING BTREE
) ENGINE=InnoDB AUTO_INCREMENT=12 DEFAULT CHARSET=utf8mb3 COLLATE=utf8mb3_vietnamese_ci ROW_FORMAT=DYNAMIC;
/*!40101 SET character_set_client = @saved_cs_client */;

--
-- Dumping data for table `groups`
--

LOCK TABLES `groups` WRITE;
/*!40000 ALTER TABLE `groups` DISABLE KEYS */;
INSERT INTO `groups` VALUES (8,3,'Mua tài khoản Free Fire','SHOW','/assets/storage/images/groups_7TE1ZFC5H2S6.png','PGgyIGNsYXNzPSJhbGVydC1oZWFkaW5nIiBzdHlsZT0iYm94LXNpemluZzogaW5oZXJpdDsgbWFyZ2luOiAxMHB4IDBweDsgcGFkZGluZzogMHB4OyBmb250LWZhbWlseTogJnF1b3Q7Um9ib3RvIENvbmRlbnNlZCZxdW90Oywgc2Fucy1zZXJpZjsgbGluZS1oZWlnaHQ6IDEuMTsgY29sb3I6IHJnYig2MywgNjgsIDc0KTsgZm9udC1zaXplOiAxOHB4OyBib3JkZXI6IDBweDsgdmVydGljYWwtYWxpZ246IGJhc2VsaW5lOyBiYWNrZ3JvdW5kOiB0cmFuc3BhcmVudDsiPjxzcGFuIHN0eWxlPSJib3gtc2l6aW5nOiBpbmhlcml0OyBtYXJnaW46IDBweDsgcGFkZGluZzogMHB4OyBmb250LXdlaWdodDogNzAwOyBib3JkZXI6IDBweDsgdmVydGljYWwtYWxpZ246IGJhc2VsaW5lOyBiYWNrZ3JvdW5kOiB0cmFuc3BhcmVudDsiPk5JQ0sgRlJFRSBGSVJFIEdJ4bqiTSBHScOBIDUwJTwvc3Bhbj48L2gyPjxkaXYgY2xhc3M9ImRlc2NyaXB0aW9uIiBzdHlsZT0iYm94LXNpemluZzogaW5oZXJpdDsgbWFyZ2luOiAwcHg7IHBhZGRpbmc6IDBweDsgYm9yZGVyOiAwcHg7IGZvbnQtc2l6ZTogMTdweDsgdmVydGljYWwtYWxpZ246IGJhc2VsaW5lOyBiYWNrZ3JvdW5kOiB0cmFuc3BhcmVudDsgY29sb3I6IHJnYig1MCwgMTIyLCAyMTMpOyBmb250LWZhbWlseTogJnF1b3Q7Um9ib3RvIENvbmRlbnNlZCZxdW90Oywgc2Fucy1zZXJpZjsiPjxzcGFuIHN0eWxlPSJib3gtc2l6aW5nOiBpbmhlcml0OyBtYXJnaW46IDBweDsgcGFkZGluZzogMHB4OyBmb250LXdlaWdodDogNzAwOyBib3JkZXI6IDBweDsgdmVydGljYWwtYWxpZ246IGJhc2VsaW5lOyBiYWNrZ3JvdW5kOiB0cmFuc3BhcmVudDsiPi0gMTAwJSBOaWNrIMSQw7puZyBN4bqtdCBLaOG6qXUgVHLhuq9uZyBUaMO0bmcgVGluPC9zcGFuPjxiciBzdHlsZT0iYm94LXNpemluZzogaW5oZXJpdDsgbWFyZ2luOiAwcHg7IHBhZGRpbmc6IDBweDsiPjxzcGFuIHN0eWxlPSJib3gtc2l6aW5nOiBpbmhlcml0OyBtYXJnaW46IDBweDsgcGFkZGluZzogMHB4OyBib3JkZXI6IDBweDsgdmVydGljYWwtYWxpZ246IGJhc2VsaW5lOyBiYWNrZ3JvdW5kOiB0cmFuc3BhcmVudDsgY29sb3I6IHJnYigyNTUsIDAsIDApOyI+PHNwYW4gc3R5bGU9ImJveC1zaXppbmc6IGluaGVyaXQ7IG1hcmdpbjogMHB4OyBwYWRkaW5nOiAwcHg7IGZvbnQtd2VpZ2h0OiA3MDA7IGJvcmRlcjogMHB4OyB2ZXJ0aWNhbC1hbGlnbjogYmFzZWxpbmU7IGJhY2tncm91bmQ6IHRyYW5zcGFyZW50OyI+LSBLSMOBQ0ggSMOATkcgS0jDlE5HIMSQxq/hu6JDIFThuq5UIE3DgyDEkMSCTkcgTkjhuqxQPC9zcGFuPjxiciBzdHlsZT0iYm94LXNpemluZzogaW5oZXJpdDsgbWFyZ2luOiAwcHg7IHBhZGRpbmc6IDBweDsiPjxzcGFuIHN0eWxlPSJib3gtc2l6aW5nOiBpbmhlcml0OyBtYXJnaW46IDBweDsgcGFkZGluZzogMHB4OyBib3JkZXI6IDBweDsgdmVydGljYWwtYWxpZ246IGJhc2VsaW5lOyBiYWNrZ3JvdW5kOiB0cmFuc3BhcmVudDsgY29sb3I6IHJnYig1MCwgMTIyLCAyMTMpOyI+PHNwYW4gc3R5bGU9ImJveC1zaXppbmc6IGluaGVyaXQ7IG1hcmdpbjogMHB4OyBwYWRkaW5nOiAwcHg7IGZvbnQtd2VpZ2h0OiA3MDA7IGJvcmRlcjogMHB4OyB2ZXJ0aWNhbC1hbGlnbjogYmFzZWxpbmU7IGJhY2tncm91bmQ6IHRyYW5zcGFyZW50OyI+LSBDaMO6IMO9IGfhu6EgYuG7jyB04bqldCBj4bqjIHTDoGkga2hv4bqjbiB0csOqbiDhu6luZyBk4bulbmcgRmFjZWJvb2sgc2F1IMSRw7MgxJHEg25nIG5o4bqtcCBuaWNrIGLhurFuZyBt4bqhbmcgM0cgNEcgxJHhu4MgaOG6oW4gY2jhur8gYuG7iyB4w6FjIG1pbmggZGFuaCB0w61uaC48L3NwYW4+PGJyIHN0eWxlPSJib3gtc2l6aW5nOiBpbmhlcml0OyBtYXJnaW46IDBweDsgcGFkZGluZzogMHB4OyI+PHNwYW4gc3R5bGU9ImJveC1zaXppbmc6IGluaGVyaXQ7IG1hcmdpbjogMHB4OyBwYWRkaW5nOiAwcHg7IGJvcmRlcjogMHB4OyB2ZXJ0aWNhbC1hbGlnbjogYmFzZWxpbmU7IGJhY2tncm91bmQ6IHRyYW5zcGFyZW50OyI+PHNwYW4gc3R5bGU9ImJveC1zaXppbmc6IGluaGVyaXQ7IG1hcmdpbjogMHB4OyBwYWRkaW5nOiAwcHg7IGZvbnQtd2VpZ2h0OiA3MDA7IGJvcmRlcjogMHB4OyB2ZXJ0aWNhbC1hbGlnbjogYmFzZWxpbmU7IGJhY2tncm91bmQ6IHRyYW5zcGFyZW50OyI+LSBLaGkgYuG7iyB4w6FjIG1pbmggZGFuaCB0w61uaCB2dWkgbMOybmcgbGnDqm4gaOG7hyBI4buXIFRy4bujIMSR4buDIMSRxrDhu6NjIGjhu5cgdHLhu6MsIGtow7RuZyDEkcaw4bujYyB04buxIMO9IHjDoWMgbWluaC48L3NwYW4+PGJyIHN0eWxlPSJib3gtc2l6aW5nOiBpbmhlcml0OyBtYXJnaW46IDBweDsgcGFkZGluZzogMHB4OyI+PHNwYW4gc3R5bGU9ImJveC1zaXppbmc6IGluaGVyaXQ7IG1hcmdpbjogMHB4OyBwYWRkaW5nOiAwcHg7IGJvcmRlcjogMHB4OyB2ZXJ0aWNhbC1hbGlnbjogYmFzZWxpbmU7IGJhY2tncm91bmQ6IHRyYW5zcGFyZW50OyBjb2xvcjogcmdiKDI3LCAxMjksIDcwKTsiPjxzcGFuIHN0eWxlPSJib3gtc2l6aW5nOiBpbmhlcml0OyBtYXJnaW46IDBweDsgcGFkZGluZzogMHB4OyBmb250LXdlaWdodDogNzAwOyBib3JkZXI6IDBweDsgdmVydGljYWwtYWxpZ246IGJhc2VsaW5lOyBiYWNrZ3JvdW5kOiB0cmFuc3BhcmVudDsiPi0gS2jDoWNoIGjDoG5nIGtow7RuZyBuw6puIHRoYXkgxJHhu5VpIEVtYWlsICggdsOsIMSRw7MgbMOgIEVtYWlsIOG6o28ga2jDtG5nIOG6o25oIGjGsOG7n25nIGfDrCkgY2jhu4kgY+G6p24gxJHhu5VpIG3huq10IGto4bqpdS4gVOG7sSDDvSB0aGF5IHRow7RuZyB0aW4ga2jDtG5nIGjhu5cgdHLhu6MuPC9zcGFuPjwvc3Bhbj48L3NwYW4+PC9zcGFuPjwvc3Bhbj48L2Rpdj4='),(9,3,'Thử vận may 100k','SHOW','/assets/storage/images/groups_QZM0JKG7X4UP.png','PGgyIGNsYXNzPSJhbGVydC1oZWFkaW5nIiBzdHlsZT0iYm94LXNpemluZzogaW5oZXJpdDsgbWFyZ2luOiAxMHB4IDBweDsgcGFkZGluZzogMHB4OyBmb250LWZhbWlseTogJnF1b3Q7Um9ib3RvIENvbmRlbnNlZCZxdW90Oywgc2Fucy1zZXJpZjsgbGluZS1oZWlnaHQ6IDEuMTsgY29sb3I6IHJnYig2MywgNjgsIDc0KTsgZm9udC1zaXplOiAxOHB4OyBib3JkZXI6IDBweDsgdmVydGljYWwtYWxpZ246IGJhc2VsaW5lOyBiYWNrZ3JvdW5kOiB0cmFuc3BhcmVudDsiPjxzcGFuIHN0eWxlPSJib3gtc2l6aW5nOiBpbmhlcml0OyBtYXJnaW46IDBweDsgcGFkZGluZzogMHB4OyBmb250LXdlaWdodDogNzAwOyBib3JkZXI6IDBweDsgdmVydGljYWwtYWxpZ246IGJhc2VsaW5lOyBiYWNrZ3JvdW5kOiB0cmFuc3BhcmVudDsiPlRI4busIFbhuqxOIE1BWSBQSOG6okkgQ0jhuqRQIE5I4bqsTiBIw4pOIFhVSTwvc3Bhbj48L2gyPjxkaXYgY2xhc3M9ImRlc2NyaXB0aW9uIiBzdHlsZT0iYm94LXNpemluZzogaW5oZXJpdDsgbWFyZ2luOiAwcHg7IHBhZGRpbmc6IDBweDsgYm9yZGVyOiAwcHg7IGZvbnQtc2l6ZTogMTdweDsgdmVydGljYWwtYWxpZ246IGJhc2VsaW5lOyBiYWNrZ3JvdW5kOiB0cmFuc3BhcmVudDsgY29sb3I6IHJnYig1MCwgMTIyLCAyMTMpOyBmb250LWZhbWlseTogJnF1b3Q7Um9ib3RvIENvbmRlbnNlZCZxdW90Oywgc2Fucy1zZXJpZjsiPjxzcGFuIHN0eWxlPSJib3gtc2l6aW5nOiBpbmhlcml0OyBtYXJnaW46IDBweDsgcGFkZGluZzogMHB4OyBmb250LXdlaWdodDogNzAwOyBib3JkZXI6IDBweDsgdmVydGljYWwtYWxpZ246IGJhc2VsaW5lOyBiYWNrZ3JvdW5kOiB0cmFuc3BhcmVudDsiPi0gMTAwJSBOaWNrIMSQw7puZyBN4bqtdCBLaOG6qXUsIDQwJSBOaWNrIEPDsyBTa2luIEhvdCwgMzAlIE5pY2sgQ8OzIDMwMDAgS0MsIDI1JSBOaWNrIEPDuWksIDUlIE5pY2sgQuG7iyBYw6FjIE1pbmg8L3NwYW4+PGJyIHN0eWxlPSJib3gtc2l6aW5nOiBpbmhlcml0OyBtYXJnaW46IDBweDsgcGFkZGluZzogMHB4OyI+PHNwYW4gc3R5bGU9ImJveC1zaXppbmc6IGluaGVyaXQ7IG1hcmdpbjogMHB4OyBwYWRkaW5nOiAwcHg7IGJvcmRlcjogMHB4OyB2ZXJ0aWNhbC1hbGlnbjogYmFzZWxpbmU7IGJhY2tncm91bmQ6IHRyYW5zcGFyZW50OyBjb2xvcjogcmdiKDI1NSwgMCwgMCk7Ij48c3BhbiBzdHlsZT0iYm94LXNpemluZzogaW5oZXJpdDsgbWFyZ2luOiAwcHg7IHBhZGRpbmc6IDBweDsgZm9udC13ZWlnaHQ6IDcwMDsgYm9yZGVyOiAwcHg7IHZlcnRpY2FsLWFsaWduOiBiYXNlbGluZTsgYmFja2dyb3VuZDogdHJhbnNwYXJlbnQ7Ij4tIFThuqV0IEPhuqMgVMOgaSBLaG/huqNuIMSQxINuZyBOaOG6rXAgQuG6sW5nIEZhY2Vib29rPC9zcGFuPjxiciBzdHlsZT0iYm94LXNpemluZzogaW5oZXJpdDsgbWFyZ2luOiAwcHg7IHBhZGRpbmc6IDBweDsiPjxzcGFuIHN0eWxlPSJib3gtc2l6aW5nOiBpbmhlcml0OyBtYXJnaW46IDBweDsgcGFkZGluZzogMHB4OyBib3JkZXI6IDBweDsgdmVydGljYWwtYWxpZ246IGJhc2VsaW5lOyBiYWNrZ3JvdW5kOiB0cmFuc3BhcmVudDsgY29sb3I6IHJnYig1MCwgMTIyLCAyMTMpOyI+PHNwYW4gc3R5bGU9ImJveC1zaXppbmc6IGluaGVyaXQ7IG1hcmdpbjogMHB4OyBwYWRkaW5nOiAwcHg7IGZvbnQtd2VpZ2h0OiA3MDA7IGJvcmRlcjogMHB4OyB2ZXJ0aWNhbC1hbGlnbjogYmFzZWxpbmU7IGJhY2tncm91bmQ6IHRyYW5zcGFyZW50OyI+LSBDaMO6IMO9IGfhu6EgYuG7jyB04bqldCBj4bqjIHTDoGkga2hv4bqjbiB0csOqbiDhu6luZyBk4bulbmcgRmFjZWJvb2sgc2F1IMSRw7MgxJHEg25nIG5o4bqtcCBuaWNrIGLhurFuZyBt4bqhbmcgM0cgNEcgxJHhu4MgaOG6oW4gY2jhur8gYuG7iyB4w6FjIG1pbmggZGFuaCB0w61uaDwvc3Bhbj48YnIgc3R5bGU9ImJveC1zaXppbmc6IGluaGVyaXQ7IG1hcmdpbjogMHB4OyBwYWRkaW5nOiAwcHg7Ij48c3BhbiBzdHlsZT0iYm94LXNpemluZzogaW5oZXJpdDsgbWFyZ2luOiAwcHg7IHBhZGRpbmc6IDBweDsgYm9yZGVyOiAwcHg7IHZlcnRpY2FsLWFsaWduOiBiYXNlbGluZTsgYmFja2dyb3VuZDogdHJhbnNwYXJlbnQ7IGNvbG9yOiByZ2IoMjcsIDEyOSwgNzApOyI+PHNwYW4gc3R5bGU9ImJveC1zaXppbmc6IGluaGVyaXQ7IG1hcmdpbjogMHB4OyBwYWRkaW5nOiAwcHg7IGZvbnQtd2VpZ2h0OiA3MDA7IGJvcmRlcjogMHB4OyB2ZXJ0aWNhbC1hbGlnbjogYmFzZWxpbmU7IGJhY2tncm91bmQ6IHRyYW5zcGFyZW50OyI+LSBLaMOhY2ggaMOgbmcga2jDtG5nIMSRxrDhu6NjIHRoYXkgxJHhu5VpIEVtYWlsICggdsOsIMSRw7MgbMOgIEVtYWlsIOG6o28ga2jDtG5nIOG6o25oIGjGsOG7n25nIGfDrCkgY2jhu4kgY+G6p24gxJHhu5VpIG3huq10IGto4bqpdS4gVOG7sSDDvSB0aGF5IHRow7RuZyB0aW4ga2jDtG5nIGjhu5cgdHLhu6M8L3NwYW4+PC9zcGFuPjwvc3Bhbj48L3NwYW4+PC9kaXY+'),(10,4,'Acc Liên Minh Giá Rẻ','SHOW','/assets/storage/images/groups_36IDLRPHTS7W.png',''),(11,4,'THỬ VẬN MAY LIÊN MINH 60K','SHOW','/assets/storage/images/groups_3ZEP9IK52CDW.png','PGgxIGNsYXNzPSJhbGVydC1oZWFkaW5nIiBzdHlsZT0ibWFyZ2luOiAxMHB4IDBweDsgZm9udC1mYW1pbHk6ICZxdW90O1JvYm90byBDb25kZW5zZWQmcXVvdDssIHNhbnMtc2VyaWY7IGxpbmUtaGVpZ2h0OiAxLjE7IGNvbG9yOiByZ2IoNjMsIDY4LCA3NCk7IGZvbnQtc2l6ZTogMjJweDsiPlRo4butIHbhuq1uIG1heSBsacOqbiBtaW5oIDYwazwvaDE+PHAgc3R5bGU9Im1hcmdpbi1yaWdodDogMHB4OyBtYXJnaW4tYm90dG9tOiAwcHg7IG1hcmdpbi1sZWZ0OiAwcHg7IGNvbG9yOiByZ2IoNTAsIDEyMiwgMjEzKTsgZm9udC1mYW1pbHk6ICZxdW90O1JvYm90byBDb25kZW5zZWQmcXVvdDssIHNhbnMtc2VyaWY7IGZvbnQtc2l6ZTogMTdweDsiPjwvcD48dWwgc3R5bGU9Im1hcmdpbi1ib3R0b206IDBweDsgY29sb3I6IHJnYig1MCwgMTIyLCAyMTMpOyBmb250LWZhbWlseTogJnF1b3Q7Um9ib3RvIENvbmRlbnNlZCZxdW90Oywgc2Fucy1zZXJpZjsgZm9udC1zaXplOiAxN3B4OyI+PGxpPkdhbWUmbmJzcDs8c3BhbiBzdHlsZT0iZm9udC13ZWlnaHQ6IDcwMDsiPjxhIGhyZWY9Imh0dHBzOi8vbGllbm1pbmguZ2FyZW5hLnZuLyIgdGFyZ2V0PSJfYmxhbmsiIHN0eWxlPSJjb2xvcjogcmdiKDYzLCA2OCwgNzQpOyB0cmFuc2l0aW9uOiBiYWNrIDAuMnMgZWFzZS1vdXQgMHM7IG91dGxpbmU6IG5vbmUgIWltcG9ydGFudDsiPkxJw4pOIE1JTkggSFVZ4buATiBUSE/huqBJPC9hPjwvc3Bhbj4mbmJzcDtkbyZuYnNwOzxhIGhyZWY9Imh0dHBzOi8vd3d3LmdhcmVuYS52bi8iIHRhcmdldD0iX2JsYW5rIiBzdHlsZT0iY29sb3I6IHJnYig2MywgNjgsIDc0KTsgdHJhbnNpdGlvbjogYmFjayAwLjJzIGVhc2Utb3V0IDBzOyBvdXRsaW5lOiBub25lICFpbXBvcnRhbnQ7Ij48c3BhbiBzdHlsZT0iZm9udC13ZWlnaHQ6IDcwMDsiPkdBUkVOQTwvc3Bhbj48L2E+Jm5ic3A7cGjDoXQgaMOgbmggdOG6oWkgVmnhu4d0IE5hbS48L2xpPjxsaT48c3BhbiBzdHlsZT0iZm9udC13ZWlnaHQ6IDcwMDsiPk5nb8OgaSZuYnNwOzxhIGhyZWY9Imh0dHBzOi8vbmljay52bi9nYXJlbmEvbGllbi1taW5oIiB0YXJnZXQ9Il9ibGFuayIgc3R5bGU9ImNvbG9yOiByZ2IoNjMsIDY4LCA3NCk7IHRyYW5zaXRpb246IGJhY2sgMC4ycyBlYXNlLW91dCAwczsgb3V0bGluZTogbm9uZSAhaW1wb3J0YW50OyI+V2ViIE11YSBCw6FuIE5pY2sgTEnDik4gTUlOSCZuYnNwO1VZIFTDjU4gLSBHScOBIFLhuro8L2E+PC9zcGFuPiZuYnNwO2Phu6dhPHNwYW4gc3R5bGU9ImZvbnQtd2VpZ2h0OiA3MDA7Ij4mbmJzcDstJm5ic3A7PC9zcGFuPjxzcGFuIHN0eWxlPSJmb250LXdlaWdodDogNzAwOyI+PGEgaHJlZj0iaHR0cHM6Ly9uaWNrLnZuL2dhcmVuYS9saWVuLW1pbmgiIHRhcmdldD0iX2JsYW5rIiBzdHlsZT0iY29sb3I6IHJnYig2MywgNjgsIDc0KTsgdHJhbnNpdGlvbjogYmFjayAwLjJzIGVhc2Utb3V0IDBzOyBvdXRsaW5lOiBub25lICFpbXBvcnRhbnQ7Ij5TaG9wIGLDoW4gYWNjIC0gdMOgaSBraG/huqNuIExNSFQgVklQPC9hPjwvc3Bhbj4uPC9saT48bGk+U2hvcCBjw7JuIG3hu58gdGjDqm0gdMOtbmggbsSDbmcmbmJzcDs8YSBocmVmPSJodHRwczovL25pY2sudm4vZ2FyZW5hL2xpZW4tbWluaC1yYW5kb20tc28tY2FwIiB0YXJnZXQ9Il9ibGFuayIgc3R5bGU9ImNvbG9yOiByZ2IoNjMsIDY4LCA3NCk7IHRyYW5zaXRpb246IGJhY2sgMC4ycyBlYXNlLW91dCAwczsgb3V0bGluZTogbm9uZSAhaW1wb3J0YW50OyI+PHNwYW4gc3R5bGU9ImZvbnQtd2VpZ2h0OiA3MDA7Ij5UaOG7rSB24bqtbiBtYXkmbmJzcDtsacOqbiBtaW5oPC9zcGFuPjwvYT4mbmJzcDstJm5ic3A7PGEgaHJlZj0iaHR0cHM6Ly9uaWNrLnZuL2dhcmVuYS9saWVuLW1pbmgtcmFuZG9tLXRydW5nLWNhcCIgdGFyZ2V0PSJfYmxhbmsiIHN0eWxlPSJjb2xvcjogcmdiKDYzLCA2OCwgNzQpOyB0cmFuc2l0aW9uOiBiYWNrIDAuMnMgZWFzZS1vdXQgMHM7IG91dGxpbmU6IG5vbmUgIWltcG9ydGFudDsiPjxzcGFuIHN0eWxlPSJmb250LXdlaWdodDogNzAwOyI+QsOhbiBhY2MgbGnDqm4gbWluaCZuYnNwO3JhbmRvbTwvc3Bhbj48L2E+LiBjaOG7iSB04burIDEyayAtIDE4ayAtNjBrIHbDoCBy4bqldCBuaGnhu4F1IGThu4tjaCB24bulIGtow6FjIHbhu4EmbmJzcDs8c3BhbiBzdHlsZT0iZm9udC13ZWlnaHQ6IDcwMDsiPjxhIGhyZWY9Imh0dHBzOi8vd3d3LnlvdXR1YmUuY29tL3VzZXIvR2FyZW5hVmlldG5hbSIgdGFyZ2V0PSJfYmxhbmsiIHN0eWxlPSJjb2xvcjogcmdiKDYzLCA2OCwgNzQpOyB0cmFuc2l0aW9uOiBiYWNrIDAuMnMgZWFzZS1vdXQgMHM7IG91dGxpbmU6IG5vbmUgIWltcG9ydGFudDsiPmdhbWUgTDwvYT48L3NwYW4+PGEgaHJlZj0iaHR0cHM6Ly93d3cueW91dHViZS5jb20vdXNlci9HYXJlbmFWaWV0bmFtIiB0YXJnZXQ9Il9ibGFuayIgc3R5bGU9ImNvbG9yOiByZ2IoNjMsIDY4LCA3NCk7IHRyYW5zaXRpb246IGJhY2sgMC4ycyBlYXNlLW91dCAwczsgb3V0bGluZTogbm9uZSAhaW1wb3J0YW50OyI+PHNwYW4gc3R5bGU9ImZvbnQtd2VpZ2h0OiA3MDA7Ij5PTDwvc3Bhbj48L2E+PC9saT48L3VsPg==');
/*!40000 ALTER TABLE `groups` ENABLE KEYS */;
UNLOCK TABLES;

--
-- Table structure for table `groups_caythue`
--

DROP TABLE IF EXISTS `groups_caythue`;
/*!40101 SET @saved_cs_client     = @@character_set_client */;
/*!50503 SET character_set_client = utf8mb4 */;
CREATE TABLE `groups_caythue` (
  `id` int NOT NULL AUTO_INCREMENT,
  `category` int DEFAULT NULL,
  `title` varchar(255) CHARACTER SET utf8mb3 COLLATE utf8mb3_vietnamese_ci DEFAULT NULL,
  `display` varchar(255) CHARACTER SET utf8mb3 COLLATE utf8mb3_vietnamese_ci DEFAULT NULL,
  `money` int DEFAULT NULL,
  PRIMARY KEY (`id`) USING BTREE
) ENGINE=InnoDB AUTO_INCREMENT=15 DEFAULT CHARSET=utf8mb3 COLLATE=utf8mb3_vietnamese_ci ROW_FORMAT=DYNAMIC;
/*!40101 SET character_set_client = @saved_cs_client */;

--
-- Dumping data for table `groups_caythue`
--

LOCK TABLES `groups_caythue` WRITE;
/*!40000 ALTER TABLE `groups_caythue` DISABLE KEYS */;
INSERT INTO `groups_caythue` VALUES (12,7,'Cày 100k cash','SHOW',100000),(13,7,'Cày Acc lên TH14',NULL,300000),(14,8,'Cầy Thuê COC TH13',NULL,300000);
/*!40000 ALTER TABLE `groups_caythue` ENABLE KEYS */;
UNLOCK TABLES;

--
-- Table structure for table `momo`
--

DROP TABLE IF EXISTS `momo`;
/*!40101 SET @saved_cs_client     = @@character_set_client */;
/*!50503 SET character_set_client = utf8mb4 */;
CREATE TABLE `momo` (
  `id` int NOT NULL AUTO_INCREMENT,
  `request_id` varchar(64) CHARACTER SET utf32 COLLATE utf32_vietnamese_ci DEFAULT NULL,
  `tranId` text CHARACTER SET utf32 COLLATE utf32_vietnamese_ci,
  `partnerId` text CHARACTER SET utf32 COLLATE utf32_vietnamese_ci,
  `partnerName` text CHARACTER SET utf16 COLLATE utf16_vietnamese_ci,
  `amount` text CHARACTER SET utf32 COLLATE utf32_vietnamese_ci,
  `comment` text CHARACTER SET utf8mb3 COLLATE utf8mb3_vietnamese_ci,
  `time` datetime DEFAULT NULL,
  `username` varchar(32) CHARACTER SET utf32 COLLATE utf32_vietnamese_ci DEFAULT NULL,
  `status` varchar(32) CHARACTER SET utf8mb3 COLLATE utf8mb3_vietnamese_ci DEFAULT 'xuly',
  PRIMARY KEY (`id`) USING BTREE
) ENGINE=InnoDB DEFAULT CHARSET=latin1 ROW_FORMAT=DYNAMIC;
/*!40101 SET character_set_client = @saved_cs_client */;

--
-- Dumping data for table `momo`
--

LOCK TABLES `momo` WRITE;
/*!40000 ALTER TABLE `momo` DISABLE KEYS */;
/*!40000 ALTER TABLE `momo` ENABLE KEYS */;
UNLOCK TABLES;

--
-- Table structure for table `options`
--

DROP TABLE IF EXISTS `options`;
/*!40101 SET @saved_cs_client     = @@character_set_client */;
/*!50503 SET character_set_client = utf8mb4 */;
CREATE TABLE `options` (
  `id` int NOT NULL AUTO_INCREMENT,
  `key` varchar(255) CHARACTER SET utf8mb3 COLLATE utf8mb3_vietnamese_ci DEFAULT NULL,
  `value` longtext CHARACTER SET utf8mb3 COLLATE utf8mb3_vietnamese_ci,
  PRIMARY KEY (`id`) USING BTREE
) ENGINE=InnoDB AUTO_INCREMENT=55 DEFAULT CHARSET=utf8mb3 COLLATE=utf8mb3_vietnamese_ci ROW_FORMAT=DYNAMIC;
/*!40101 SET character_set_client = @saved_cs_client */;

--
-- Dumping data for table `options`
--

LOCK TABLES `options` WRITE;
/*!40000 ALTER TABLE `options` DISABLE KEYS */;
INSERT INTO `options` VALUES (1,'tenweb','SHOP NICK'),(2,'mota','SHOP NICK COC'),(3,'tukhoa',''),(4,'logo','http://websellacc-env.eba-djpsvcvz.ap-southeast-1.elasticbeanstalk.com/assets/storage/images/Clash_of_Clans_Logo.png'),(5,'email',''),(6,'pass_email',''),(11,'noidung_naptien','NAPTIEN_'),(12,'thongbao','zDzz8Tv0pN8'),(13,'anhbia','https://lienquanmobile.vn/assets/img/banner.jpg'),(14,'favicon','http://websellacc-env.eba-djpsvcvz.ap-southeast-1.elasticbeanstalk.com/assets/storage/images/groups_WCK0J2FQL7OT.png'),(17,'baotri','ON'),(18,'chinhsach','<p>BẰNG VIỆC SỬ DỤNG C&Aacute;C DỊCH VỤ HOẶC MỞ MỘT T&Agrave;I KHOẢN, BẠN CHO BIẾT RẰNG BẠN CHẤP NHẬN, KH&Ocirc;NG R&Uacute;T LẠI, C&Aacute;C ĐIỀU KHOẢN DỊCH VỤ N&Agrave;Y. NẾU BẠN KH&Ocirc;NG ĐỒNG &Yacute; VỚI C&Aacute;C ĐIỀU KHOẢN N&Agrave;Y, VUI L&Ograve;NG KH&Ocirc;NG SỬ DỤNG C&Aacute;C DỊCH VỤ CỦA CH&Uacute;NG T&Ocirc;I HAY TRUY CẬP TRANG WEB. NẾU BẠN DƯỚI 18 TUỔI HOẶC &quot;ĐỘ TUỔI TRƯỞNG TH&Agrave;NH&quot;PH&Ugrave; HỢP Ở NƠI BẠN SỐNG, BẠN PHẢI XIN PH&Eacute;P CHA MẸ HOẶC NGƯỜI GI&Aacute;M HỘ HỢP PH&Aacute;P ĐỂ MỞ MỘT T&Agrave;I KHOẢN V&Agrave; CHA MẸ HOẶC NGƯỜI GI&Aacute;M HỘ HỢP PH&Aacute;P PHẢI ĐỒNG &Yacute; VỚI C&Aacute;C ĐIỀU KHOẢN DỊCH VỤ N&Agrave;Y. NẾU BẠN KH&Ocirc;NG BIẾT BẠN C&Oacute; THUỘC &quot;ĐỘ TUỔI TRƯỞNG TH&Agrave;NH&quot; Ở NƠI BẠN SỐNG HAY KH&Ocirc;NG, HOẶC KH&Ocirc;NG HIỂU PHẦN N&Agrave;Y, VUI L&Ograve;NG KH&Ocirc;NG TẠO T&Agrave;I KHOẢN CHO ĐẾN KHI BẠN Đ&Atilde; NHỜ CHA MẸ HOẶC NGƯỜI GI&Aacute;M HỘ HỢP PH&Aacute;P CỦA BẠN GI&Uacute;P ĐỠ. NẾU BẠN L&Agrave; CHA MẸ HOẶC NGƯỜI GI&Aacute;M HỘ HỢP PH&Aacute;P CỦA MỘT TRẺ VỊ TH&Agrave;NH NI&Ecirc;N MUỐN TẠO MỘT T&Agrave;I KHOẢN, BẠN PHẢI CHẤP NHẬN C&Aacute;C ĐIỀU KHOẢN DỊCH VỤ N&Agrave;Y THAY MẶT CHO TRẺ VỊ TH&Agrave;NH NI&Ecirc;N Đ&Oacute; V&Agrave; BẠN SẼ CHỊU TR&Aacute;CH NHIỆM ĐỐI VỚI TẤT CẢ HOẠT ĐỘNG SỬ DỤNG T&Agrave;I KHOẢN HAY C&Aacute;C DỊCH VỤ, BAO GỒM C&Aacute;C GIAO DỊCH MUA H&Agrave;NG DO TRẺ VỊ TH&Agrave;NH NI&Ecirc;N THỰC HIỆN, CHO D&Ugrave; T&Agrave;I KHOẢN CỦA TRẺ VỊ TH&Agrave;NH NI&Ecirc;N Đ&Oacute; ĐƯỢC MỞ V&Agrave;O L&Uacute;C N&Agrave;Y HAY ĐƯỢC TẠO SAU N&Agrave;Y V&Agrave; CHO D&Ugrave; TRẺ VỊ TH&Agrave;NH NI&Ecirc;N C&Oacute; ĐƯỢC BẠN GI&Aacute;M S&Aacute;T TRONG GIAO DỊCH MUA H&Agrave;NG Đ&Oacute; HAY KH&Ocirc;NG.</p>\r\n'),(27,'min_ruttien','100000'),(28,'ck_con','3'),(29,'phi_chuyentien','500'),(30,'status_chuyentien','ON'),(31,'hotline','0988999888'),(32,'facebook','https://www.facebook.com'),(33,'theme_color','#01578B'),(34,'modal_thongbao',''),(42,'api_bank',''),(43,'status_napbank','ON'),(44,'status_demo','OFF'),(45,'api_card','VIETTELL'),(46,'luuy_naptien','<ul style=\"padding: 0px; margin-right: 0px; margin-bottom: 0px; margin-left: 0px; outline: 0px; border: 0px; list-style-position: inside; color: rgb(51, 51, 51); font-family: roboto, Arial, Tahoma, sans-serif, arial, Helvetica; font-size: 14px;\"><li style=\"padding: 0px; margin: 0px; outline: 0px; border: 0px;\">Hệ thống xử lý 5s 1 thẻ.</li><li style=\"padding: 0px; margin: 0px; outline: 0px; border: 0px;\">Vui lòng gửi đúng mệnh giá, sai mệnh giá thực nhận mệnh giá bé nhất.</li><li style=\"padding: 0px; margin: 0px; outline: 0px; border: 0px;\">Ví dụ mệnh giá thực là 100k, quý khách nạp 100k thực nhận 100k.</li><li style=\"padding: 0px; margin: 0px; outline: 0px; border: 0px;\">Ví dụ mệnh giá thực là 100k quý khách nạp 50k thực nhận 50k.</li><li style=\"padding: 0px; margin: 0px; outline: 0px; border: 0px;\">Mệnh giá 10k, 20k, 30k tính thêm 3% phí.</li></ul>'),(47,'id_video_youtube','Zzn9-ATB9aU'),(48,'ck_bank','25'),(49,'luuy_napbank','<p><span class=\"text-big\" style=\"color: rgb(153, 77, 230);\"><strong>* Nạp ATM/Momo ( Được Cộng Thêm 25%)</strong></span></p><p><span class=\"text-big\" style=\"color: rgb(230, 153, 77);\"><strong>Ví Dụ:</strong></span></p><p><span class=\"text-big\" style=\"color: rgb(230, 77, 77);\"><strong>100k ATM/Momo</strong></span><span class=\"text-big\"><strong> = </strong></span><span class=\"text-big\" style=\"color: rgb(230, 77, 77);\"><strong>134k Trên Shop</strong></span></p><p><span class=\"text-big\" style=\"color: rgb(230, 77, 77);\"><strong>500k ATM/Momo</strong></span><span class=\"text-big\"> = </span><span class=\"text-big\" style=\"color: rgb(230, 77, 77);\"><strong>667k Trên Shop</strong></span></p>'),(50,'check_time_cron','0'),(51,'api_momo',''),(52,'stk_bank',NULL),(53,'mk_bank',''),(54,'check_time_cron_bank','0');
/*!40000 ALTER TABLE `options` ENABLE KEYS */;
UNLOCK TABLES;

--
-- Table structure for table `orders_caythue`
--

DROP TABLE IF EXISTS `orders_caythue`;
/*!40101 SET @saved_cs_client     = @@character_set_client */;
/*!50503 SET character_set_client = utf8mb4 */;
CREATE TABLE `orders_caythue` (
  `id` int NOT NULL AUTO_INCREMENT,
  `username` varchar(255) CHARACTER SET utf8mb3 COLLATE utf8mb3_vietnamese_ci NOT NULL,
  `dichvu` varchar(255) CHARACTER SET utf8mb3 COLLATE utf8mb3_vietnamese_ci NOT NULL,
  `money` int NOT NULL,
  `tk` varchar(255) CHARACTER SET utf8mb3 COLLATE utf8mb3_vietnamese_ci NOT NULL,
  `mk` varchar(255) CHARACTER SET utf8mb3 COLLATE utf8mb3_vietnamese_ci NOT NULL,
  `createdate` datetime NOT NULL,
  `updatedate` datetime NOT NULL,
  `status` varchar(255) CHARACTER SET utf8mb3 COLLATE utf8mb3_vietnamese_ci NOT NULL,
  `ghichu` text CHARACTER SET utf8mb3 COLLATE utf8mb3_vietnamese_ci NOT NULL,
  PRIMARY KEY (`id`) USING BTREE
) ENGINE=InnoDB AUTO_INCREMENT=4 DEFAULT CHARSET=utf8mb3 COLLATE=utf8mb3_vietnamese_ci ROW_FORMAT=DYNAMIC;
/*!40101 SET character_set_client = @saved_cs_client */;

--
-- Dumping data for table `orders_caythue`
--

LOCK TABLES `orders_caythue` WRITE;
/*!40000 ALTER TABLE `orders_caythue` DISABLE KEYS */;
INSERT INTO `orders_caythue` VALUES (2,'admin','Cày 100k cash',100000,'aaa','ccc','2021-06-10 18:18:59','2021-06-10 18:18:59','xuly',''),(3,'admin','Cày 100k cash',100000,'testtt','aaaa','2021-06-11 11:29:31','2021-06-11 11:29:31','huy','aa');
/*!40000 ALTER TABLE `orders_caythue` ENABLE KEYS */;
UNLOCK TABLES;

--
-- Table structure for table `users`
--

DROP TABLE IF EXISTS `users`;
/*!40101 SET @saved_cs_client     = @@character_set_client */;
/*!50503 SET character_set_client = utf8mb4 */;
CREATE TABLE `users` (
  `id` int NOT NULL AUTO_INCREMENT,
  `username` varchar(255) CHARACTER SET utf8mb3 COLLATE utf8mb3_vietnamese_ci DEFAULT NULL,
  `password` varchar(255) CHARACTER SET utf8mb3 COLLATE utf8mb3_vietnamese_ci DEFAULT NULL,
  `token` varchar(255) CHARACTER SET utf8mb3 COLLATE utf8mb3_vietnamese_ci DEFAULT NULL,
  `money` int NOT NULL DEFAULT '0',
  `level` varchar(255) CHARACTER SET utf8mb3 COLLATE utf8mb3_vietnamese_ci DEFAULT NULL,
  `banned` int NOT NULL DEFAULT '0',
  `createdate` datetime DEFAULT NULL,
  `email` varchar(255) CHARACTER SET utf8mb3 COLLATE utf8mb3_vietnamese_ci DEFAULT NULL,
  `ref` varchar(255) CHARACTER SET utf8mb3 COLLATE utf8mb3_vietnamese_ci DEFAULT NULL,
  `daily` int DEFAULT '0',
  `otp` varchar(255) CHARACTER SET utf8mb3 COLLATE utf8mb3_vietnamese_ci DEFAULT NULL,
  `ip` varchar(255) CHARACTER SET utf8mb3 COLLATE utf8mb3_vietnamese_ci DEFAULT NULL,
  `chietkhau` float DEFAULT '0',
  `time` varchar(255) CHARACTER SET utf8mb3 COLLATE utf8mb3_vietnamese_ci DEFAULT NULL,
  `chitieu` int NOT NULL DEFAULT '0',
  `total_money` int NOT NULL DEFAULT '0',
  PRIMARY KEY (`id`) USING BTREE
) ENGINE=InnoDB AUTO_INCREMENT=7 DEFAULT CHARSET=utf8mb3 COLLATE=utf8mb3_vietnamese_ci ROW_FORMAT=DYNAMIC;
/*!40101 SET character_set_client = @saved_cs_client */;

--
-- Dumping data for table `users`
--

LOCK TABLES `users` WRITE;
/*!40000 ALTER TABLE `users` DISABLE KEYS */;
INSERT INTO `users` VALUES (1,'admin','admin','ZEgeLCYXQVyswWDankcJTbihxumRKofdPMABGzOpqUtHjrNvFIlS',9870000,'admin',0,'2021-01-20 08:38:05','ntt2001811@gmail.com','',0,'',NULL,0,NULL,25000,10000000),(5,'ntthanh','2c0813259df4854e1cbe0b61bff8b5d5','rzcnREMfXBPZtOliJCsgjLQmYdSVFHwAekNvUuGTbDyWoaqIhxKp',1000000,NULL,0,'2021-03-11 01:29:45','ntthanh@gmail.com','',0,'','::1',0,'1615400985',0,1000000),(6,'sadsadsad','sadsadsad','TtRiWgBIejwaNhkCrxYZEKPdGsyobHqQDAzfJFlnUMLcuXvmVSpO',0,NULL,0,'2021-05-24 05:39:36','',NULL,0,NULL,'::1',0,'1621809576',0,0);
/*!40000 ALTER TABLE `users` ENABLE KEYS */;
UNLOCK TABLES;
/*!40103 SET TIME_ZONE=@OLD_TIME_ZONE */;

/*!40101 SET SQL_MODE=@OLD_SQL_MODE */;
/*!40014 SET FOREIGN_KEY_CHECKS=@OLD_FOREIGN_KEY_CHECKS */;
/*!40014 SET UNIQUE_CHECKS=@OLD_UNIQUE_CHECKS */;
/*!40101 SET CHARACTER_SET_CLIENT=@OLD_CHARACTER_SET_CLIENT */;
/*!40101 SET CHARACTER_SET_RESULTS=@OLD_CHARACTER_SET_RESULTS */;
/*!40101 SET COLLATION_CONNECTION=@OLD_COLLATION_CONNECTION */;
/*!40111 SET SQL_NOTES=@OLD_SQL_NOTES */;

-- Dump completed on 2023-03-08 16:41:12